apelido,atleta_id,clube_id,jogos_num,media_num,nome,pontos_num,posicao_id,preco_num,rodada_id,status_id,variacao_num,A,CA,CV,DD,FC,FD,FF,FS,FT,G,GC,GS,I,PE,RB,SG
Diego,0,262,1,0.8,Diego Ribas da Cunha,0.8,4,10.89,1,7,-4.11,,1.0,,,3.0,,1.0,8.0,,,,,1.0,5.0,1.0,
Douglas Friedrich,1,265,1,-0.8,Douglas Alan Schuck Friedrich,-0.8,1,2.89,1,7,-2.11,,,,1.0,,,,1.0,,,,2.0,,1.0,,
Douglas Grolli,2,265,1,0.2,Douglas Ricardo Grolli,0.2,3,2.89,1,7,-1.11,,,,,2.0,,,,,,,,,1.0,1.0,
Rodolfo,3,266,0,0.0,Rodolfo Alves de Melo,0.0,1,3.0,1,6,0.0,,,,,,,,,,,,,,,,
Lucas Fonseca,4,265,0,0.0,Lucas Fonseca da Silva,0.0,3,7.0,1,5,0.0,,,,,,,,,,,,,,,,
Mena,5,265,0,0.0,Eugenio Esteban Mena Reveco,0.0,2,10.0,1,6,0.0,,,,,,,,,,,,,,,,
Bruno,6,315,0,0.0,Bruno Bortolini Jackel,0.0,2,1.0,1,6,0.0,,,,,,,,,,,,,,,,
Tiago ,7,265,1,1.4,Tiago Pagnussat,1.4,3,6.48,1,7,-1.52,,,,,3.0,1.0,,1.0,,,,,,1.0,1.0,
Élber,8,265,0,0.0,José Élber Pimentel da Silva,0.0,4,5.0,1,6,0.0,,,,,,,,,,,,,,,,
Vinícius,9,265,1,-0.4,Vinícius Goes Barbosa de Souza,-0.4,4,7.3,1,7,-3.7,,,,,,,,1.0,,,,,,3.0,,
Kendy,10,315,0,0.0,Kendy Tateishi Berbel,0.0,5,1.0,1,6,0.0,,,,,,,,,,,,,,,,
Zé Rafael ,11,265,1,6.7,José Rafael Vivian,6.7,4,17.02,1,7,-0.98,,,,,,1.0,1.0,4.0,,,,,,1.0,2.0,
Everson,12,265,0,0.0,Everson Bispo Pereira,0.0,3,3.0,1,6,0.0,,,,,,,,,,,,,,,,
Rodrigo Becão,13,265,0,0.0,Rodrigo Nascimento França ,0.0,3,3.0,1,6,0.0,,,,,,,,,,,,,,,,
Edigar Junio,14,265,1,0.9,Edigar Junio Teixeira Lima ,0.9,5,6.82,1,7,-2.18,,,,,2.0,,,,,,,,1.0,2.0,2.0,
João Pedro ,15,265,0,0.0,João Pedro Maturano dos Santos,0.0,2,4.0,1,6,0.0,,,,,,,,,,,,,,,,
Edson,16,265,0,0.0,Edson Felipe da Cruz,0.0,4,7.0,1,6,0.0,,,,,,,,,,,,,,,,
Luís Fernando,17,265,0,0.0,Luís Fernando Santos da Conceição,0.0,4,1.0,1,6,0.0,,,,,,,,,,,,,,,,
Marco Antônio,18,265,1,1.5,Marco Antônio Rosa Furtado Júnior,1.5,4,1.72,1,7,0.72,,,,,,,,,,,,,,,1.0,
Léo,19,265,1,3.5,Leonardo Pinheiro da Conceição,3.5,2,5.86,1,7,0.86,,,,,1.0,,1.0,1.0,,,,,,1.0,2.0,
Gregore,20,265,1,4.3,Gregore de Magalhães da Silva,4.3,4,5.03,1,7,2.03,,,,,3.0,,1.0,1.0,,,,,,,3.0,
Allione,21,265,1,0.2,Agustín Lionel Allione,0.2,4,6.34,1,6,-2.66,,,,,,,,1.0,,,,,,1.0,,
Régis,22,265,1,0.2,Régis Augusto Salmazzo,0.2,4,4.96,1,6,-2.04,,,,,,,1.0,,,,,,,2.0,,
Felipe,23,265,0,0.0,Felipe Gustavo Domingos,0.0,1,1.0,1,6,0.0,,,,,,,,,,,,,,,,
Geovane Itinga,24,265,0,0.0,Geovane Santana Souza,0.0,5,2.0,1,6,0.0,,,,,,,,,,,,,,,,
Jefferson,25,263,0,0.0,Jefferson de Oliveira Galvão,0.0,1,12.0,1,6,0.0,,,,,,,,,,,,,,,,
Gilson,26,263,1,3.7,Gilson Gomes do Nascimento,3.7,2,5.3,1,7,1.3,,,,,1.0,,,3.0,,,,,,6.0,3.0,
Kieza,27,263,1,0.9,Welker Marçal de Almeida,0.9,5,4.75,1,6,-1.25,,,,,,1.0,,,,,,,,1.0,,
Deijair ,28,265,0,0.0,Deijair dos Santos Nunes,0.0,1,1.0,1,6,0.0,,,,,,,,,,,,,,,,
Felipinho,29,265,0,0.0,Felipe Matheus Filgueira de Araújo,0.0,4,2.0,1,6,0.0,,,,,,,,,,,,,,,,
Marcos Vinícius,30,263,1,0.2,Marcos Vinícius de Jesus Araújo,0.2,4,4.27,1,6,-1.73,,,,,,,,1.0,,,,,,1.0,,
João Paulo,31,263,0,0.0,João Paulo Mior,0.0,4,10.0,1,5,0.0,,,,,,,,,,,,,,,,
João Pedro Ribeiro,32,265,0,0.0,João Pedro Ribeiro,0.0,2,1.0,1,6,0.0,,,,,,,,,,,,,,,,
Rodrigo Lindoso,33,263,1,2.4,Rodrigo Oliveira Lindoso,2.4,4,6.48,1,7,-0.52,,,,,,,2.0,4.0,,,,,,4.0,,
Júnior Brumado,34,265,1,-0.5,José Francisco dos Santos Júnior,-0.5,5,1.72,1,6,-1.28,,,,,3.0,,,2.0,,,,,,,,
Gatito Fernández,35,263,1,3.1,Roberto Junior Fernández Torres,3.1,1,11.78,1,7,-2.22,,,,2.0,,,,,,,,1.0,,3.0,,
Cassiano,36,265,0,0.0,Cassiano Silva dos Santos,0.0,1,1.0,1,6,0.0,,,,,,,,,,,,,,,,
Luis Ricardo,37,263,0,0.0,Luis Ricardo Silva Umbelino,0.0,2,4.0,1,6,0.0,,,,,,,,,,,,,,,,
Jonas,38,262,0,0.0,Jonas Gomes de Sousa,0.0,4,7.0,1,6,0.0,,,,,,,,,,,,,,,,
Rodrigo Pimpão,39,263,1,0.4,Rodrigo Pimpão Viana,0.4,5,6.48,1,6,-2.52,,,,,,,1.0,1.0,,,,,,3.0,,
Dudu Cearense,40,263,0,0.0,Alexandro Silva de Souza,0.0,4,4.0,1,6,0.0,,,,,,,,,,,,,,,,
Alberto Valentim,41,263,1,4.18,Alberto Valentim do Carmo Neto,4.18,6,7.7,1,7,0.7,,,,,,,,,,,,,,,,
Renatinho,42,263,0,0.0,Renato Vieira Rodrigues,0.0,4,4.0,1,6,0.0,,,,,,,,,,,,,,,,
Khevin,43,315,0,0.0,Khevin Rodrigo Fraga,0.0,4,2.0,1,5,0.0,,,,,,,,,,,,,,,,
Brenner,44,263,1,1.0,Brenner Marlos Varanda de Oliveira,1.0,5,4.13,1,7,-0.87,,,,,2.0,,1.0,3.0,,,,,,1.0,,
Yago,45,263,0,0.0,Yago Fernando da Silva,0.0,3,5.0,1,6,0.0,,,,,,,,,,,,,,,,
Igor Rabello,46,263,1,9.2,Igor Rabello da Costa,9.2,3,13.92,1,7,2.92,,,,,1.0,,,1.0,,1.0,,,,1.0,1.0,
Saulo,47,263,0,0.0,Saulo Ferreira Silva Nascimento,0.0,1,1.0,1,6,0.0,,,,,,,,,,,,,,,,
Leandrinho,48,263,0,0.0,Leandro Alves de Carvalho,0.0,4,3.0,1,6,0.0,,,,,,,,,,,,,,,,
Marcelo,49,263,0,0.0,Marcelo Machado dos Santos ,0.0,4,4.0,1,6,0.0,,,,,,,,,,,,,,,,
Yuri,50,263,0,0.0,Yuri Antonio Costa da Silva,0.0,2,1.0,1,6,0.0,,,,,,,,,,,,,,,,
Leandro Carvalho,51,263,1,5.5,Leandro Carvalho da Silva,5.5,5,5.86,1,7,2.86,,,,,,,1.0,4.0,,,,,,1.0,2.0,
Kanu,52,263,0,0.0,Victor Hugo Soares dos Santos,0.0,3,2.0,1,6,0.0,,,,,,,,,,,,,,,,
Leonardo Valencia,53,263,1,3.6,Leonardo Felipe Valencia Rossel,3.6,4,6.61,1,7,0.61,,,,,,2.0,1.0,2.0,,,,,,2.0,,
Matheus Fernandes,54,263,1,8.4,Matheus Fernandes Siqueira,8.4,4,9.92,1,7,3.92,,,,,,1.0,,,,,,,,1.0,5.0,
Joel Carli,55,263,1,1.6,Mauro Joel Carli,1.6,3,6.61,1,7,-1.39,,,,,1.0,,,,,,,,,3.0,2.0,
Gustavo Bochecha,56,263,1,4.9,Gustavo Costa da Silva Machado,4.9,4,4.06,1,7,3.06,,,,,1.0,,,,,,,,,2.0,4.0,
Pachu,57,263,0,0.0,Luiz Henrique Pachu Lira,0.0,5,2.0,1,6,0.0,,,,,,,,,,,,,,,,
Luiz Fernando ,58,263,0,0.0,Luiz Fernando Moraes dos Santos,0.0,4,5.0,1,5,0.0,,,,,,,,,,,,,,,,
Marcelo Benevenuto,59,263,0,0.0,Marcelo da Conceição Benevenuto Malaquias,0.0,3,8.0,1,6,0.0,,,,,,,,,,,,,,,,
Marcinho,60,263,1,1.1,Márcio Almeida de Oliveira,1.1,2,4.89,1,7,-1.11,,1.0,,,1.0,,,3.0,,,,,,3.0,2.0,
Lucas Campos,61,263,0,0.0,Lucas da Silva Ribeiro Campos,0.0,5,1.0,1,6,0.0,,,,,,,,,,,,,,,,
Helerson,62,263,0,0.0,Helerson Mateus do Nascimento,0.0,3,1.0,1,6,0.0,,,,,,,,,,,,,,,,
Marcelo Chamusca,63,354,1,1.19,Marcelo Augusto Oliveira Chamusca,1.19,6,2.2,1,7,0.2,,,,,,,,,,,,,,,,
Ezequiel,64,263,0,0.0,Ezequiel Santos da Silva,0.0,5,5.0,1,6,0.0,,,,,,,,,,,,,,,,
Fernando Henrique,65,354,0,0.0,Fernando Henrique dos Anjos,0.0,1,3.0,1,6,0.0,,,,,,,,,,,,,,,,
Roberto,66,354,1,1.2,Roberto César Zardin Rodrigues,1.2,5,4.96,1,6,-1.04,,,,,,,,,,,,,,1.0,1.0,
Felipe Azevedo,67,354,1,-0.7,Felipe Azevedo dos Santos,-0.7,5,5.72,1,7,-3.28,,,,,,,,1.0,,,,,,4.0,,
Renan,68,354,0,0.0,Renan Brito Soares,0.0,1,4.0,1,6,0.0,,,,,,,,,,,,,,,,
Rafael Pereira,69,354,0,0.0,Rafael Pereira dos Santos,0.0,3,5.0,1,6,0.0,,,,,,,,,,,,,,,,
Pedro Ken,70,354,0,0.0,Pedro Ken Morimoto Moreira,0.0,4,5.0,1,5,0.0,,,,,,,,,,,,,,,,
Elton,71,354,0,0.0,Elton Rodrigues Brandão,0.0,5,7.0,1,6,0.0,,,,,,,,,,,,,,,,
Ernandes,72,354,1,0.5,Ernandes Dias Luz,0.5,2,2.41,1,7,-0.59,,,,,,,1.0,,,,,,,1.0,,
Jackson Caucaia,73,354,0,0.0,Francisco Jackson Menezes da Costa,0.0,4,2.0,1,6,0.0,,,,,,,,,,,,,,,,
Reina,74,354,1,1.9,Javier Arley Reina Calvo,1.9,4,3.38,1,6,0.38,,,,,,1.0,,2.0,,,,,,1.0,,
Wescley,75,354,1,0.9,Wescley Gomes dos Santos,0.9,4,4.06,1,7,-0.94,,,,,2.0,,,2.0,,,,,,2.0,1.0,
Éverson,76,354,1,2.0,Éverson Felipe Marques Pires,2.0,1,6.2,1,7,-0.8,,,,2.0,,,,,,,,2.0,,,,
Juninho,77,354,1,-0.1,Paulo Roberto Valoura Júnior,-0.1,4,4.06,1,7,-1.94,,,,,,,1.0,,,,,,,8.0,1.0,
Pio,78,354,1,0.1,Francisco Hércules de Araújo,0.1,4,4.2,1,7,-1.8,,,,,1.0,,,1.0,,,1.0,,,3.0,4.0,
Bruno Pires,79,354,0,0.0,Bruno Batista Pereira Pires,0.0,3,4.0,1,6,0.0,,,,,,,,,,,,,,,,
Leandro Silva,80,354,0,0.0,Leandro da Silva,0.0,2,7.0,1,6,0.0,,,,,,,,,,,,,,,,
Ricardinho,81,354,1,0.0,Ricardo Dias Acosta,0.0,4,4.82,1,7,-2.18,,,,,,,,,,,,,,,,
Luiz Otávio,82,354,1,2.7,Luiz Otávio Anacleto Leandro,2.7,3,5.99,1,7,-0.01,,,,,,,,,,,,,,1.0,2.0,
Naldo,83,354,0,0.0,Marinaldo dos Santos Oliveira,0.0,4,4.0,1,6,0.0,,,,,,,,,,,,,,,,
Alex Amado,84,354,0,0.0,Alex Broch Amado,0.0,5,4.0,1,6,0.0,,,,,,,,,,,,,,,,
Rafael Carioca,85,354,1,-2.0,Rafael Bruno Cajueiro da Silva,-2.0,2,1.38,1,7,-2.62,,1.0,,,2.0,,1.0,1.0,,,,,,6.0,1.0,
Romário Rodrigues,86,354,0,0.0,Romário Marques Rodrigues,0.0,5,2.0,1,6,0.0,,,,,,,,,,,,,,,,
Leandro Canhoto,87,354,0,0.0,Leandro Porto Torma,0.0,4,2.0,1,6,0.0,,,,,,,,,,,,,,,,
Douglas Coutinho ,88,354,0,0.0,Douglas Coutinho Gomes de Souza,0.0,5,6.0,1,6,0.0,,,,,,,,,,,,,,,,
Rafael Moura,89,327,1,5.1,Rafael Martiniano de Miranda Moura,5.1,5,10.4,1,7,0.4,1.0,,,,1.0,,1.0,,,,,,1.0,4.0,1.0,
Romário ,90,354,0,0.0,Romário Guilherme dos Santos,0.0,2,4.0,1,6,0.0,,,,,,,,,,,,,,,,
Fernando Leal,91,327,0,0.0,Fernando Leal Fonseca,0.0,1,3.0,1,6,0.0,,,,,,,,,,,,,,,,
Valdo,92,354,1,3.0,Andrevaldo de Jesus Santos,3.0,3,5.51,1,7,0.51,,,,,,,,,,,,,,,2.0,
David,93,327,0,0.0,David França Oliveira e Silva,0.0,4,3.0,1,5,0.0,,,,,,,,,,,,,,,,
Rodriguinho,94,264,1,16.5,Rodrigo Eduardo Costa Marinho,16.5,4,23.08,1,7,6.08,,,,,1.0,,,2.0,,2.0,,,,5.0,1.0,
Matheus Ferraz,95,327,0,0.0,Matheus Ferraz Pereira,0.0,3,6.0,1,6,0.0,,,,,,,,,,,,,,,,
Wesley,96,327,1,-0.5,Wesley Lopes Beltrame,-0.5,4,3.1,1,6,-1.9,,,,,1.0,,,,,,,,,,,
Moisés,97,263,0,0.0,Moisés Roberto Barbosa,0.0,2,7.0,1,5,0.0,,,,,,,,,,,,,,,,
Rafael Lima,98,327,1,6.2,Rafael Ramos de Lima,6.2,3,8.4,1,7,2.4,,,,,,,,,,,,,,1.0,1.0,1.0
Gerson Magrão,99,327,1,1.2,Gerson Alencar de Lima Junior,1.2,4,4.27,1,6,-0.73,,,,,,,,,,,,,,1.0,1.0,
Lima,100,327,0,0.0,Willian Lanes de Lima,0.0,3,5.0,1,6,0.0,,,,,,,,,,,,,,,,
Marquinhos,101,327,0,0.0,Marcos Antônio da Silva Gonçalves,0.0,5,7.0,1,6,0.0,,,,,,,,,,,,,,,,
Renan Oliveira,102,327,0,0.0,Renan Henrique Oliveira Vieira,0.0,4,5.0,1,6,0.0,,,,,,,,,,,,,,,,
Giovanni,103,327,0,0.0,Giovanni Palmieri dos Santos,0.0,2,6.0,1,5,0.0,,,,,,,,,,,,,,,,
Enderson Moreira,104,327,1,10.05,Enderson Alves Moreira,10.05,6,8.99,1,7,5.99,,,,,,,,,,,,,,,,
Carlinhos,105,327,1,15.9,Carlos Emiliano Pereira,15.9,2,14.4,1,7,9.4,,,,,,1.0,1.0,1.0,,1.0,,,1.0,2.0,1.0,1.0
João Ricardo,106,327,0,0.0,João Ricardo Riedi,0.0,1,6.0,1,5,0.0,,,,,,,,,,,,,,,,
Juninho,107,327,1,2.6,Adilson dos Anjos Oliveira,2.6,4,4.55,1,7,0.55,,,,,2.0,,,3.0,,,,,,3.0,2.0,
Luan,108,327,1,11.7,Luan Michel de Louzã,11.7,5,12.88,1,7,5.88,1.0,1.0,,,3.0,1.0,2.0,2.0,,,,,1.0,2.0,5.0,
Ruy,109,327,0,0.0,Ruy Franco de Almeida Junior,0.0,4,6.0,1,6,0.0,,,,,,,,,,,,,,,,
Norberto ,110,327,1,10.9,Norberto Pereira Marinho Neto,10.9,2,9.58,1,7,6.58,,,,,,,,1.0,,,,,,2.0,4.0,1.0
Glauco,111,327,0,0.0,Glauco Tadeu Chaves,0.0,1,4.0,1,6,0.0,,,,,,,,,,,,,,,,
Aylon,112,327,1,5.1,Aylon Darwin Tavella,5.1,5,7.65,1,7,1.65,,,,,1.0,,2.0,2.0,,,,,,,2.0,
Messias,113,327,1,9.6,Messias Rodrigues da Silva Júnior,9.6,3,9.37,1,7,5.37,,,,,1.0,,,,,,,,,3.0,4.0,1.0
Matheus Sales,114,327,0,0.0,Matheus de Sales Cabral,0.0,4,5.0,1,6,0.0,,,,,,,,,,,,,,,,
Aderlan,115,327,0,0.0,Aderlan de Lima Silva,0.0,2,2.0,1,6,0.0,,,,,,,,,,,,,,,,
Christian,116,327,1,10.7,Christian Sávio Machado,10.7,4,9.44,1,7,6.44,,,,,,,1.0,3.0,,,,,,2.0,6.0,
Serginho,117,327,1,17.9,Sergio Antonio Soler de Oliveira Junior,17.9,4,15.78,1,7,10.78,,,,,1.0,,1.0,,,2.0,,,1.0,3.0,2.0,
Henrique Dourado,118,262,1,0.5,José Henrique da Silva Dourado,0.5,5,15.5,1,7,-6.5,,,,,1.0,,,2.0,,,,,,,,
Rafinha,119,354,0,0.0,Rafael dos Santos da Silva,0.0,4,3.0,1,6,0.0,,,,,,,,,,,,,,,,
Richardson,120,354,0,0.0,Richardson Fernandes dos Santos,0.0,4,6.0,1,5,0.0,,,,,,,,,,,,,,,,
Arthur,121,354,1,3.6,Arthur Mendonça Cabral,3.6,5,5.92,1,7,0.92,,,,,,1.0,,,,,,,,2.0,2.0,
Andrigo,122,292,1,1.6,Andrigo Oliveira de Araujo,1.6,4,6.61,1,7,-1.39,,,,,1.0,1.0,1.0,,,,,,1.0,3.0,1.0,
Raul,123,354,0,0.0,Raul Lô Gonçalves,0.0,4,2.0,1,6,0.0,,,,,,,,,,,,,,,,
Patrick,124,354,0,0.0,Patrick William Sá de Oliveira,0.0,3,2.0,1,6,0.0,,,,,,,,,,,,,,,,
Berrío ,125,262,0,0.0,Orlando Enrique Berrío Meléndez,0.0,5,5.0,1,5,0.0,,,,,,,,,,,,,,,,
Felipe Jonatan,126,354,0,0.0,Felipe Jonatan Rocha Andrade,0.0,2,1.0,1,6,0.0,,,,,,,,,,,,,,,,
Márcio Araújo,127,315,1,-1.8,Márcio Rodrigues Araújo,-1.8,4,2.89,1,7,-3.11,,1.0,,,2.0,,,,,,,,,1.0,1.0,
Luidy,128,354,0,0.0,Luidy Viegas,0.0,5,4.0,1,6,0.0,,,,,,,,,,,,,,,,
Elicarlos,129,315,0,0.0,Elicarlos Souza Santos,0.0,4,5.0,1,6,0.0,,,,,,,,,,,,,,,,
Gilson Kleina,130,315,1,1.58,Gilson Kleina,1.58,6,5.22,1,7,-0.78,,,,,,,,,,,,,,,,
Matheus Lira,131,354,0,0.0,Matheus Bezerra Lira,0.0,4,1.0,1,6,0.0,,,,,,,,,,,,,,,,
Alan Ruschel,132,315,0,0.0,Alan Luciano Ruschel,0.0,4,5.0,1,6,0.0,,,,,,,,,,,,,,,,
Apodi,133,315,1,1.5,Luiz Diallison de Souza Alves,1.5,2,5.86,1,7,-1.14,,,,,2.0,,2.0,,,,,,,2.0,1.0,
Amaral,134,315,1,1.4,William José de Souza,1.4,4,5.1,1,7,-0.9,,,,,,,,1.0,,,,,,2.0,1.0,
Vinicius,135,315,1,2.2,Vinicius Santos Silva,2.2,5,4.27,1,7,0.27,,,,,1.0,,1.0,2.0,,,,,,2.0,1.0,
Eduardo,136,315,1,2.0,Carlos Eduardo Santos Oliveira,2.0,2,4.82,1,6,-0.18,,,,,,,,1.0,,,,,,,1.0,
Moisés Ribeiro,137,315,0,0.0,Moisés Ribeiro Santos,0.0,4,4.0,1,6,0.0,,,,,,,,,,,,,,,,
Nery Bareiro,138,315,0,0.0,Nery Rubén Bareiro Zorrilla,0.0,3,5.0,1,5,0.0,,,,,,,,,,,,,,,,
Neto,139,315,0,0.0,Hélio Hermito Zampier Neto,0.0,3,2.0,1,5,0.0,,,,,,,,,,,,,,,,
Luiz Antonio ,140,315,0,0.0,Luiz Antonio de Souza Soares,0.0,4,7.0,1,6,0.0,,,,,,,,,,,,,,,,
Canteros,141,315,1,4.7,Héctor Canteros,4.7,4,8.06,1,7,1.06,1.0,,,,,,,,,,,,,6.0,1.0,
Nadson,142,315,1,0.2,Nadson da Silva Almeida,0.2,4,2.89,1,6,-1.11,,,,,,,,1.0,,,,,,1.0,,
Douglas,143,315,1,2.0,Douglas Silva Bacelar,2.0,3,4.82,1,7,-0.18,,,,,3.0,,,1.0,,,,,,,2.0,
Nenén,144,315,0,0.0,Odair Souza ,0.0,4,3.0,1,6,0.0,,,,,,,,,,,,,,,,
Vinícius Freitas,145,315,0,0.0,Vinícius Freitas Ribeiro,0.0,2,3.0,1,6,0.0,,,,,,,,,,,,,,,,
Ivan,146,315,0,0.0,Gilsivan Soares da Silva ,0.0,1,2.0,1,6,0.0,,,,,,,,,,,,,,,,
Rafael Thyere,147,315,1,-1.8,Rafael Thyere Albuquerque Marques,-1.8,3,2.2,1,7,-2.8,,1.0,,,2.0,,,,,,,,,1.0,1.0,
Arthur ,148,315,1,1.8,Arthur Caíke do Nascimento Cruz,1.8,5,6.75,1,7,-1.25,,,,,,,2.0,1.0,,,,,,1.0,,
Luiz Otávio ,149,315,0,0.0,Luiz Otávio da Silva Santos,0.0,3,6.0,1,6,0.0,,,,,,,,,,,,,,,,
Osman,150,315,0,0.0,Osman de Menezes Venâncio Junior,0.0,5,4.0,1,6,0.0,,,,,,,,,,,,,,,,
Bruno Pacheco,151,315,1,1.2,Bruno de Jesus Pacheco,1.2,2,4.27,1,7,-0.73,,,,,1.0,,,1.0,,,,,,1.0,1.0,
Jandrei,152,315,1,-3.5,Jandrei Chitolina Carniel,-3.5,1,3.79,1,7,-5.21,,,,2.0,,,,1.0,,,,5.0,,,,
Guilherme,153,315,1,0.2,Guilherme Augusto Vieira dos Santos,0.2,5,5.65,1,6,-2.35,,,,,,,,1.0,,,,,,1.0,,
Fabrício Bruno,154,315,0,0.0,Fabrício Bruno Soares de Faria,0.0,3,6.0,1,5,0.0,,,,,,,,,,,,,,,,
Hiago,155,315,0,0.0,Hiago Correa Silveira Cena,0.0,3,2.0,1,6,0.0,,,,,,,,,,,,,,,,
Elias,156,315,0,0.0,Elias Martello Curzel,0.0,1,4.0,1,6,0.0,,,,,,,,,,,,,,,,
Perotti,157,315,0,0.0,Pedro Henrique Perotti,0.0,5,2.0,1,5,0.0,,,,,,,,,,,,,,,,
Tiepo,158,315,0,0.0,Giovanni Silva Tiepo,0.0,1,2.0,1,6,0.0,,,,,,,,,,,,,,,,
Arnaldo,159,354,1,0.0,Arnaldo Manoel de Almeida,0.0,2,4.13,1,6,-1.87,,,,,,,,,,,,,,,,
Ronaldo,160,262,0,0.0,Ronaldo da Silva Souza,0.0,4,3.0,1,6,0.0,,,,,,,,,,,,,,,,
Marlos,161,262,0,0.0,Marlos Moreno Durán,0.0,5,6.0,1,6,0.0,,,,,,,,,,,,,,,,
Lucas Paquetá,162,262,1,12.1,Lucas Tolentino Coelho de Lima,12.1,4,17.98,1,7,3.98,,,,,1.0,1.0,,5.0,,1.0,,,,2.0,1.0,
Léo Duarte,163,262,0,0.0,Leonardo Campos Duarte da Silva,0.0,3,5.0,1,6,0.0,,,,,,,,,,,,,,,,
Thiago,164,262,0,0.0,Thiago Rodrigues da Silva,0.0,1,4.0,1,6,0.0,,,,,,,,,,,,,,,,
Gabriel Batista,165,262,0,0.0,Gabriel Batista de Souza,0.0,1,3.0,1,6,0.0,,,,,,,,,,,,,,,,
Rafael,166,262,0,0.0,Rafael Santos de Sousa,0.0,3,1.0,1,6,0.0,,,,,,,,,,,,,,,,
Lucas Silva,167,262,0,0.0,Lucas da Silva de Jesus,0.0,5,2.0,1,6,0.0,,,,,,,,,,,,,,,,
Felipe Vizeu,168,262,0,0.0,Felipe dos Reis Pereira Vizeu do Carmo,0.0,5,6.0,1,3,0.0,,,,,,,,,,,,,,,,
Lincoln,169,262,0,0.0,Lincoln Corrêa dos Santos,0.0,5,4.0,1,6,0.0,,,,,,,,,,,,,,,,
Vinicius Junior,170,262,1,6.4,Vinicius José Paixão de Oliveira Junior,6.4,5,11.3,1,7,1.3,1.0,,,,1.0,1.0,2.0,3.0,,,,,,8.0,,
Jean Lucas,171,262,0,0.0,Jean Lucas de Souza Oliveira,0.0,4,2.0,1,6,0.0,,,,,,,,,,,,,,,,
Kleber,172,262,0,0.0,Kleber Augusto Caetano Leite Filho,0.0,2,2.0,1,6,0.0,,,,,,,,,,,,,,,,
Pepê,173,262,0,0.0,João Pedro Vilardi Pinto,0.0,4,2.0,1,6,0.0,,,,,,,,,,,,,,,,
Michael,174,262,0,0.0,Michael Rangel dos Santos de Almeida,0.0,2,1.0,1,6,0.0,,,,,,,,,,,,,,,,
Wendel,175,262,0,0.0,Wendel da Silva Costa,0.0,5,1.0,1,6,0.0,,,,,,,,,,,,,,,,
Thuler,176,262,0,0.0,Matheus Soares Thuler,0.0,3,2.0,1,6,0.0,,,,,,,,,,,,,,,,
Matheus Dantas,177,262,0,0.0,Matheus de Jesus Dantas,0.0,3,1.0,1,6,0.0,,,,,,,,,,,,,,,,
Hugo Souza,178,262,0,0.0,Hugo de Souza Nogueira,0.0,1,1.0,1,6,0.0,,,,,,,,,,,,,,,,
Pablo Maldini,179,262,0,0.0,Pablo Carneiro Freitas,0.0,2,1.0,1,6,0.0,,,,,,,,,,,,,,,,
Vitor Gabriel,180,262,0,0.0,Vitor Gabriel Claudino Rego Ferreira,0.0,5,1.0,1,6,0.0,,,,,,,,,,,,,,,,
Patrick,181,262,0,0.0,Patrick da Silva Ferreira Souza,0.0,3,1.0,1,6,0.0,,,,,,,,,,,,,,,,
Trauco,182,262,0,0.0,Miguel Ángel Trauco Saavedra,0.0,2,4.0,1,6,0.0,,,,,,,,,,,,,,,,
Airton,183,266,0,0.0,Airton Ribeiro Santos,0.0,4,4.0,1,6,0.0,,,,,,,,,,,,,,,,
Hugo Moura,184,262,0,0.0,Hugo Moura Arruda da Silva,0.0,4,2.0,1,6,0.0,,,,,,,,,,,,,,,,
Ramon,185,262,0,0.0,Ramon Ramos Lima,0.0,2,1.0,1,6,0.0,,,,,,,,,,,,,,,,
Renato Chaves,186,266,1,-0.1,Renato de Araújo Chaves Júnior,-0.1,3,4.75,1,7,-2.25,,,,,2.0,,,,,,,,,2.0,1.0,
Júlio César,187,266,1,-4.3,Júlio César Jacobi,-4.3,1,2.55,1,7,-5.45,,,,,,,,,,,,2.0,,1.0,,
Willian,188,275,1,2.8,Willian Gomes de Siqueira,2.8,5,8.82,1,7,-1.18,,,,,2.0,3.0,,1.0,,,,,,1.0,,
Jadson,189,266,1,6.9,Jadson Alves dos Santos,6.9,4,8.89,1,7,2.89,,,,,2.0,,1.0,1.0,,,,,,3.0,5.0,
Michel,190,284,1,1.5,Michel Ferreira dos Santos,1.5,4,5.17,1,6,-0.83,,,,,,,,,,,,,,,1.0,
Léo,191,266,0,0.0,Leonardo Moreira Morais,0.0,2,4.0,1,6,0.0,,,,,,,,,,,,,,,,
Wellington Paulista,192,315,1,7.3,Wellington Pereira do Nascimento,7.3,5,11.23,1,7,2.23,,1.0,,,5.0,,2.0,,,1.0,,,1.0,1.0,2.0,
Marcos Felipe ,193,266,0,0.0,Marcos Felipe de Freitas Monteiro,0.0,1,2.0,1,6,0.0,,,,,,,,,,,,,,,,
Reginaldo,194,266,0,0.0,Reginaldo Manoel da Silva Júnior,0.0,3,4.0,1,6,0.0,,,,,,,,,,,,,,,,
Pablo Dyego,195,266,1,3.3,Pablo Dyego da Silva Rosa,3.3,5,3.65,1,7,1.65,,,,,1.0,1.0,1.0,3.0,,,,,,4.0,1.0,
Gilberto ,196,266,1,-0.7,Gilberto Moraes Júnior,-0.7,2,5.03,1,7,-2.97,,,,,2.0,,,,,,,,,4.0,1.0,
Ayrton Lucas,197,266,1,4.3,Ayrton Lucas Dantas de Medeiros,4.3,2,7.78,1,7,0.78,,,,,1.0,,1.0,5.0,,,,,,,1.0,
De Amores,198,266,0,0.0,Guillermo Rafael de Amores Ravelo,0.0,1,3.0,1,6,0.0,,,,,,,,,,,,,,,,
Mateus Norton,199,266,0,0.0,Mateus Norton Gomes Chaves,0.0,4,3.0,1,6,0.0,,,,,,,,,,,,,,,,
Richard,200,266,1,16.2,Richard Cândido Coelho,16.2,4,14.61,1,7,9.61,,,,,,,1.0,1.0,,1.0,,,,2.0,5.0,
Marcos Junior,201,266,1,0.0,Marcos Junio Lima dos Santos,0.0,5,4.82,1,6,-2.18,,,,,,,,,,,,,,,,
Jajá,202,262,0,0.0,Hugo Gomes dos Santos Silva,0.0,4,2.0,1,6,0.0,,,,,,,,,,,,,,,,
Pedro,203,266,1,6.0,Pedro Guilherme Abreu dos Santos,6.0,5,8.27,1,7,2.27,1.0,,,,2.0,1.0,1.0,,,,,,,,,
Luquinhas,204,266,0,0.0,Lucas Henrique dos Santos,0.0,4,1.0,1,6,0.0,,,,,,,,,,,,,,,,
Marlon Freitas,205,266,0,0.0,Marlon Rodrigues Freitas,0.0,4,3.0,1,6,0.0,,,,,,,,,,,,,,,,
Marcos Calazans,206,266,0,0.0,Marcos Vinícius Silva Rocha Calazans,0.0,5,3.0,1,5,0.0,,,,,,,,,,,,,,,,
Matheus Alessandro,207,266,0,0.0,Matheus Alessandro dos Santos Pereira,0.0,5,4.0,1,6,0.0,,,,,,,,,,,,,,,,
Douglas,208,266,0,0.0,Douglas Augusto Soares Gomes,0.0,4,5.0,1,6,0.0,,,,,,,,,,,,,,,,
Frazan,209,266,1,-0.5,Wesley Frazan Bernardo,-0.5,3,1.72,1,2,-1.28,,,,,1.0,,,,,,,,,,,
Gum,210,266,1,-0.8,Welington Pereira Rodrigues,-0.8,3,2.89,1,7,-2.11,,,,,2.0,,1.0,,,,,,,2.0,,
Sornoza,211,266,1,7.2,Júnior Nazareno Sornoza Moreira,7.2,4,8.4,1,7,3.4,,,,,,2.0,,,,,,,,4.0,4.0,
Robinho,212,266,0,0.0,Robson Azevedo da Silva,0.0,5,4.0,1,6,0.0,,,,,,,,,,,,,,,,
Marlon,213,266,0,0.0,Marlon Rodrigues Xavier,0.0,2,5.0,1,6,0.0,,,,,,,,,,,,,,,,
Ibañez,214,266,1,2.7,Roger Ibañez da Silva,2.7,3,5.99,1,2,-0.01,,,,,,,,,,,,,,1.0,2.0,
João Vitor,215,266,0,0.0,João Vitor Marques Matos,0.0,2,1.0,1,6,0.0,,,,,,,,,,,,,,,,
Caio,216,266,0,0.0,Caio Vinicius da Conceição,0.0,4,2.0,1,6,0.0,,,,,,,,,,,,,,,,
Felipe,217,266,0,0.0,Felipe Souza Moreno Sampaio,0.0,5,1.0,1,6,0.0,,,,,,,,,,,,,,,,
Macula,218,266,0,0.0,Lucas Ribeiro De Oliveira,0.0,5,1.0,1,6,0.0,,,,,,,,,,,,,,,,
Marcelo Grohe,219,284,1,11.0,Marcelo Grohe,11.0,1,19.29,1,7,2.29,,,,2.0,,,,,,,,,,,,1.0
Douglas,220,284,0,0.0,Douglas dos Santos,0.0,4,7.0,1,6,0.0,,,,,,,,,,,,,,,,
Cícero,221,284,1,2.3,Cícero Santos,2.3,4,7.1,1,7,-0.9,,,,,,1.0,,1.0,,,,,,3.0,1.0,
Marcelo Oliveira,222,284,0,0.0,Marcelo Oliveira Ferreira,0.0,2,4.0,1,6,0.0,,,,,,,,,,,,,,,,
Renato Gaúcho,223,284,1,7.29,Renato Portaluppi,7.29,6,15.36,1,7,0.36,,,,,,,,,,,,,,,,
Jael,224,284,0,0.0,Jael Ferreira Vieira,0.0,5,5.0,1,6,0.0,,,,,,,,,,,,,,,,
Paulo Victor,225,284,0,0.0,Paulo Victor Mileo Vidotti,0.0,1,9.0,1,6,0.0,,,,,,,,,,,,,,,,
André,226,284,1,6.1,André Felipe Ribeiro de Souza,6.1,5,12.47,1,7,0.47,,,,,4.0,,1.0,1.0,,1.0,,,3.0,4.0,1.0,
Dudu,227,266,0,0.0,Luiz Eduardo Teodora da Silva,0.0,5,2.0,1,6,0.0,,,,,,,,,,,,,,,,
Maicon,228,284,1,0.0,Maicon Thiago Pereira de Souza,0.0,4,6.2,1,7,-2.8,,,,,1.0,,,1.0,,,,,,,,
Paulo Miranda,229,284,1,5.1,Jonathan Doin,5.1,3,6.96,1,7,1.96,,,,,2.0,,,1.0,,,,,,3.0,1.0,1.0
Maicosuel,230,284,0,0.0,Maicosuel Reginaldo de Matos,0.0,4,5.0,1,6,0.0,,,,,,,,,,,,,,,,
Léo Moura,231,284,1,9.2,Leonardo da Silva Moura,9.2,2,9.78,1,7,4.78,,,,,1.0,,,4.0,,,,,,1.0,2.0,1.0
Alisson,232,284,0,0.0,Alisson Euler de Freitas Castro,0.0,4,8.0,1,6,0.0,,,,,,,,,,,,,,,,
Bruno Cortez,233,284,1,10.0,Bruno Cortês Barbosa,10.0,2,13.09,1,7,4.09,,,,,2.0,,,3.0,,,,,,5.0,4.0,1.0
Everton,234,284,1,10.0,Everton Sousa Soares,10.0,5,11.71,1,7,4.71,1.0,,,,1.0,1.0,1.0,1.0,,,,,,,2.0,
Abel Braga,235,266,1,3.61,Abel Carlos da Silva Braga,3.61,6,10.06,1,7,-0.94,,,,,,,,,,,,,,,,
Ramiro,236,284,1,2.9,Ramiro Moschen Benetti,2.9,4,8.2,1,7,-0.8,,1.0,,,2.0,,,1.0,,,,,,2.0,4.0,
Pedro Geromel,237,284,0,0.0,Pedro Tonon Geromel,0.0,3,20.0,1,7,0.0,,,,,,,,,,,,,,,,
Bressan,238,284,1,6.5,Matheus Simonete Bressanelli,6.5,3,7.23,1,6,3.23,,,,,,,,,,,,,,,1.0,1.0
Madson,239,284,0,0.0,Madson Ferreira dos Santos,0.0,2,7.0,1,6,0.0,,,,,,,,,,,,,,,,
Hernane,240,284,0,0.0,Hernane Vidal Souza,0.0,5,5.0,1,6,0.0,,,,,,,,,,,,,,,,
Leonardo,241,284,0,0.0,Leonardo Gomes da Conceição Silva,0.0,2,2.0,1,6,0.0,,,,,,,,,,,,,,,,
Léo,242,284,0,0.0,Leonardo Cesar Jardim,0.0,1,3.0,1,6,0.0,,,,,,,,,,,,,,,,
Luan,243,284,0,0.0,Luan Guilherme de Jesus Vieira,0.0,5,21.0,1,6,0.0,,,,,,,,,,,,,,,,
Bruno Grassi,244,284,0,0.0,Bruno Medeiros Grassi,0.0,1,4.0,1,6,0.0,,,,,,,,,,,,,,,,
Jailson,245,284,1,2.0,Jaílson Marques Siqueira,2.0,4,5.51,1,6,-0.49,,,,,,,,1.0,,,,,,,1.0,
Pepê,246,284,0,0.0,Eduardo Gabriel Aquino Cossa,0.0,5,3.0,1,6,0.0,,,,,,,,,,,,,,,,
Thaciano,247,284,0,0.0,Thaciano Mickael da Silva,0.0,4,2.0,1,6,0.0,,,,,,,,,,,,,,,,
Kaio,248,284,0,0.0,Kaio Silva Mendes,0.0,4,3.0,1,6,0.0,,,,,,,,,,,,,,,,
Seijas,249,285,0,0.0,Luis Manuel Seijas Gunther,0.0,4,2.0,1,6,0.0,,,,,,,,,,,,,,,,
Balbino,250,284,0,0.0,Ânderson Balbino Assis,0.0,4,2.0,1,6,0.0,,,,,,,,,,,,,,,,
Arthur,251,284,1,11.7,Arthur Henrique Ramos de Oliveira Melo,11.7,4,16.33,1,7,4.33,,,,,,,,6.0,,,,,,1.0,6.0,
Léo Tilica,252,284,0,0.0,Leonardo Costa Silva,0.0,5,2.0,1,6,0.0,,,,,,,,,,,,,,,,
Vico,253,284,0,0.0,Marcus Vinicius Aredes Duarte,0.0,5,1.0,1,6,0.0,,,,,,,,,,,,,,,,
Estevão,254,284,0,0.0,Estevão Renato Pereira Júnior,0.0,4,1.0,1,6,0.0,,,,,,,,,,,,,,,,
Lima,255,284,0,0.0,Vinicius Moreira de Lima,0.0,4,2.0,1,6,0.0,,,,,,,,,,,,,,,,
Jean Pyerre,256,284,0,0.0,Jean Pyerre Casagrande Silveira Correa,0.0,4,3.0,1,6,0.0,,,,,,,,,,,,,,,,
Patrick,257,284,0,0.0,Patrick Machado Ferreira ,0.0,4,2.0,1,6,0.0,,,,,,,,,,,,,,,,
Guilherme Guedes,258,284,0,0.0,Guilherme Alecsander Guedes,0.0,2,1.0,1,6,0.0,,,,,,,,,,,,,,,,
Lucas Poletto,259,284,0,0.0,Lucas Poletto Costa,0.0,5,2.0,1,6,0.0,,,,,,,,,,,,,,,,
Dionathã,260,284,0,0.0,Dionathã da Silva,0.0,5,2.0,1,6,0.0,,,,,,,,,,,,,,,,
Jadson,261,284,0,0.0,Jadson Ailton Oliveira Da Silva Vale,0.0,5,1.0,1,6,0.0,,,,,,,,,,,,,,,,
Matheus Henrique,262,284,0,0.0,Matheus Henrique de Souza,0.0,4,1.0,1,6,0.0,,,,,,,,,,,,,,,,
Brenno,263,284,0,0.0,Brenno Oliveira Fraga Costa,0.0,1,1.0,1,6,0.0,,,,,,,,,,,,,,,,
Esperon,264,284,0,0.0,Ezequiel Gonzalo Esperon,0.0,4,1.0,1,6,0.0,,,,,,,,,,,,,,,,
Ericson,265,284,0,0.0,Ericson da Silva,0.0,3,2.0,1,6,0.0,,,,,,,,,,,,,,,,
Emanuel,266,284,0,0.0,Emanuel Leone Moura,0.0,3,2.0,1,6,0.0,,,,,,,,,,,,,,,,
Ruan,267,284,0,0.0,Ruan Tressoldi Netto,0.0,3,1.0,1,6,0.0,,,,,,,,,,,,,,,,
Felipe,268,284,0,0.0,Felipe Albuquerque Felippi,0.0,2,2.0,1,6,0.0,,,,,,,,,,,,,,,,
Marco Saravia,269,284,0,0.0,Marco Antonio Saravia Antinori,0.0,3,1.0,1,6,0.0,,,,,,,,,,,,,,,,
Santiago,270,284,0,0.0,Mateus Felipe Santiago Dutra,0.0,3,1.0,1,6,0.0,,,,,,,,,,,,,,,,
Mendonça,271,284,0,0.0,Jorge Ambrosio Mendonça,0.0,3,1.0,1,6,0.0,,,,,,,,,,,,,,,,
Lucas Araújo,272,284,0,0.0,Lucas Araújo de Oliveira,0.0,4,1.0,1,6,0.0,,,,,,,,,,,,,,,,
Rodrigo Ancheta,273,284,0,0.0,Rodrigo Jorge Medina Ancheta,0.0,4,1.0,1,6,0.0,,,,,,,,,,,,,,,,
Roger,274,285,0,0.0,Roger Rodrigues da Silva,0.0,5,7.0,1,6,0.0,,,,,,,,,,,,,,,,
Thonny Anderson,275,284,0,0.0,Thonny Anderson da Silva Carvalho,0.0,4,4.0,1,6,0.0,,,,,,,,,,,,,,,,
Danilo Silva,276,285,0,0.0,Danilo Aparecido da Silva,0.0,3,5.0,1,6,0.0,,,,,,,,,,,,,,,,
Isaque,277,284,0,0.0,Isaque Elias Brito,0.0,4,2.0,1,6,0.0,,,,,,,,,,,,,,,,
Camilo,278,285,0,0.0,Fernando Camilo Farias,0.0,4,6.0,1,6,0.0,,,,,,,,,,,,,,,,
Uendel,279,285,0,0.0,Uendel Pereira Gonçalves,0.0,2,6.0,1,6,0.0,,,,,,,,,,,,,,,,
Gabriel,280,284,0,0.0,Gabriel Rybar Blos,0.0,3,1.0,1,6,0.0,,,,,,,,,,,,,,,,
Marcelinho,281,284,0,0.0,Marcelo Henrique de Sousa Cunha,0.0,5,4.0,1,6,0.0,,,,,,,,,,,,,,,,
D'Alessandro,282,285,1,2.2,Andrés Nicolas D'Alessandro,2.2,4,10.47,1,7,-2.53,,,,,,,2.0,3.0,,,,,,3.0,,
Rodrigo Moledo,283,285,1,8.3,Rodrigo Modesto da Silva Moledo,8.3,3,9.16,1,7,4.16,,,,,1.0,,1.0,3.0,,,,,,,1.0,1.0
Wellington Silva,284,285,0,0.0,Wellington Alves da Silva,0.0,5,4.0,1,6,0.0,,,,,,,,,,,,,,,,
Marcelo Lomba,285,285,1,5.2,Marcelo Lomba do Nascimento,5.2,1,7.72,1,7,1.72,,,,,,,,1.0,,,,,,1.0,,1.0
Leandro Damião,286,285,0,0.0,Leandro Damião da Silva dos Santos,0.0,5,10.0,1,5,0.0,,,,,,,,,,,,,,,,
Edenílson,287,285,1,8.6,Edenílson Andrade Dos Santos,8.6,4,10.75,1,7,3.75,1.0,,,,,,,,,,,,,3.0,3.0,
Fabiano,288,285,1,6.4,Fabiano Leissmann,6.4,2,7.85,1,7,2.85,,,,,2.0,,,,,,,,,2.0,2.0,1.0
Claudio Winck,289,292,1,-1.8,Claudio Winck Neto,-1.8,2,2.2,1,7,-2.8,,1.0,,,3.0,,,1.0,,,,,,1.0,1.0,
Danilo Fernandes,290,285,0,0.0,Danilo Fernandes Batista,0.0,1,10.0,1,5,0.0,,,,,,,,,,,,,,,,
Kannemann,291,284,1,1.9,Walter Kannemann,1.9,3,10.95,1,3,-3.05,,,1.0,,2.0,,,1.0,,,,,,2.0,2.0,1.0
Víctor Cuesta,292,285,1,13.1,Víctor Leandro Cuesta,13.1,3,13.85,1,7,6.85,,,,,2.0,,,2.0,,,,,,3.0,6.0,1.0
Rodrigo Dourado,293,285,1,8.1,Rodrigo Dourado Cunha,8.1,4,11.09,1,7,3.09,,,,,3.0,1.0,,,,,,,,2.0,6.0,
Rossi,294,285,1,0.5,Rosicley Pereira da Silva,0.5,5,3.79,1,2,-1.21,,,,,,,,1.0,,,,,,,,
Fabinho,295,285,0,0.0,Fábio Gonçalves,0.0,4,5.0,1,6,0.0,,,,,,,,,,,,,,,,
William Pottker,296,285,1,-3.0,William de Oliveira Pottker,-3.0,5,3.44,1,7,-4.56,,1.0,,,3.0,,,1.0,,,,,,,,
Thales ,297,285,0,0.0,Thales Natanael Lira de Matos,0.0,3,4.0,1,6,0.0,,,,,,,,,,,,,,,,
Nico López,298,285,1,18.8,Nicolás Federico López Alonso,18.8,5,17.77,1,2,10.77,,,,,,1.0,2.0,1.0,,2.0,,,1.0,5.0,1.0,
Patrick,299,285,1,10.7,Patrick Bezerra do Nascimento,10.7,4,13.57,1,7,4.57,1.0,,,,2.0,,1.0,1.0,,,,,,2.0,4.0,
Gabriel Dias,300,285,1,0.5,Gabriel Dias de Oliveira,0.5,4,4.48,1,6,-1.52,,,,,1.0,,,2.0,,,,,,,,
Marcinho,301,285,0,0.0,Márcio Augusto da Silva Barbosa,0.0,5,4.0,1,6,0.0,,,,,,,,,,,,,,,,
Daniel,302,285,0,0.0,Daniel de Sousa Brito,0.0,1,1.0,1,6,0.0,,,,,,,,,,,,,,,,
Odair Hellmann,303,285,1,7.95,Odair Hellmann,7.95,6,8.92,1,7,3.92,,,,,,,,,,,,,,,,
Keiller,304,285,0,0.0,Keiller da Silva Nunes,0.0,1,3.0,1,6,0.0,,,,,,,,,,,,,,,,
Roger Machado ,305,275,1,1.45,Roger Machado Marques,1.45,6,9.96,1,7,-3.04,,,,,,,,,,,,,,,,
Klaus,306,285,0,0.0,Willian Klaus,0.0,3,4.0,1,6,0.0,,,,,,,,,,,,,,,,
Ruan,307,285,0,0.0,Ruan Gregório Teixeira,0.0,2,3.0,1,6,0.0,,,,,,,,,,,,,,,,
Ronald,308,285,0,0.0,Ronald Sant'anna Rodrigues,0.0,5,1.0,1,6,0.0,,,,,,,,,,,,,,,,
Iago,309,285,1,8.3,Iago Amaral Borduchi,8.3,2,9.85,1,7,3.85,,,,,1.0,,,1.0,,,,,,4.0,3.0,1.0
Fernandinho,310,285,0,0.0,Fernando José Freitas Maciel,0.0,5,1.0,1,6,0.0,,,,,,,,,,,,,,,,
Dudu,311,285,0,0.0,Luis Eduardo Marques Dos Santos,0.0,2,4.0,1,5,0.0,,,,,,,,,,,,,,,,
Richard,312,285,0,0.0,Richard Alexandre Birkhuen Rodrigues,0.0,4,1.0,1,6,0.0,,,,,,,,,,,,,,,,
Brenner,313,285,1,-0.3,Brenner Alves Sabino,-0.3,5,0.69,1,6,-0.31,,1.0,,,,1.0,,1.0,,,,,,,,
Juan Alano,314,285,0,0.0,Juan Matheus Alano Nascimento,0.0,4,2.0,1,6,0.0,,,,,,,,,,,,,,,,
Felipe Melo,315,275,1,1.1,Felipe Melo de Carvalho,1.1,4,5.58,1,7,-1.42,,1.0,,,1.0,,,,,,,,,8.0,4.0,
Edu Dracena,316,275,0,0.0,Eduardo Luís Abonizio de Souza,0.0,3,7.0,1,6,0.0,,,,,,,,,,,,,,,,
Tréllez,317,276,0,0.0,Santiago Tréllez Vivero,0.0,5,9.0,1,7,0.0,,,,,,,,,,,,,,,,
Fernando Prass,318,275,0,0.0,Fernando Buttenbender Prass,0.0,1,12.0,1,6,0.0,,,,,,,,,,,,,,,,
Jean,319,275,0,0.0,Jean Raphael Vanderlei Moreira,0.0,2,7.0,1,6,0.0,,,,,,,,,,,,,,,,
Michel Bastos,320,275,0,0.0,Michel Fernandes Bastos,0.0,4,5.0,1,6,0.0,,,,,,,,,,,,,,,,
Diogo Barbosa,321,275,1,-2.0,Diogo Barbosa Mendanha,-2.0,2,8.96,1,7,-6.04,,1.0,,,3.0,,,,,,,,,5.0,2.0,
Bruno Henrique,322,275,1,1.9,Bruno Henrique Corsini,1.9,4,7.51,1,7,-1.49,,,,,2.0,,,1.0,,,,,,2.0,2.0,
Marcos Rocha,323,275,1,-3.5,Marcos Luis Rocha Aquino,-3.5,2,7.92,1,7,-7.08,,1.0,,,3.0,,,,,,,,,5.0,1.0,
Weverton,324,275,0,0.0,Weverton Pereira da Silva,0.0,1,10.0,1,6,0.0,,,,,,,,,,,,,,,,
Dudu,325,275,1,1.9,Eduardo Pereira Rodrigues,1.9,5,18.53,1,7,-6.47,1.0,1.0,,,2.0,,,1.0,,,,,,7.0,1.0,
Jailson,326,275,1,3.1,Jailson Marcelino dos Santos,3.1,1,11.78,1,7,-2.22,,,,2.0,,,,,,,,1.0,,3.0,,
Luan,327,275,0,0.0,Luan Garcia Teixeira,0.0,3,5.0,1,6,0.0,,,,,,,,,,,,,,,,
Guerra,328,275,1,7.6,Alejandro Abraham Guerra Morales,7.6,4,10.06,1,6,3.06,,,,,4.0,,1.0,1.0,,1.0,,,,4.0,1.0,
Charles,329,285,0,0.0,Charles Rigon Matos,0.0,4,5.0,1,6,0.0,,,,,,,,,,,,,,,,
Capixaba,330,327,0,0.0,João Victor da Vitória Fernandes,0.0,5,4.0,1,6,0.0,,,,,,,,,,,,,,,,
Thiago Santos,331,275,0,0.0,Thiago dos Santos,0.0,4,7.0,1,6,0.0,,,,,,,,,,,,,,,,
Lucas Lima,332,275,1,0.2,Lucas Rafael Araujo Lima,0.2,4,9.09,1,7,-3.91,,,,,2.0,,,,,,,,,1.0,1.0,
Zé Ricardo,333,327,1,0.4,José Ricardo Barbosa Ribeiro Drumond,0.4,4,0.96,1,6,-0.04,,,,,1.0,,,,,,,,,2.0,1.0,
Erick,334,327,0,0.0,Erick Martins Ferreira Carvalho,0.0,1,1.0,1,6,0.0,,,,,,,,,,,,,,,,
Thiago Martins,335,275,1,-1.1,Thiago Martins Bueno,-1.1,3,4.75,1,7,-3.25,,,,,1.0,,,,,,,,,2.0,,
Victor Luis,336,275,0,0.0,Victor Luis Chuab Zamblauskas,0.0,2,9.0,1,6,0.0,,,,,,,,,,,,,,,,
Borja,337,275,0,0.0,Miguel Angel Borja Hernandez,0.0,5,15.0,1,6,0.0,,,,,,,,,,,,,,,,
Mayke,338,275,0,0.0,Mayke Rocha de Oliveira,0.0,2,7.0,1,6,0.0,,,,,,,,,,,,,,,,
Keno,339,275,1,1.7,Marcos da Silva França,1.7,5,8.06,1,7,-1.94,,,,,3.0,,,1.0,,,,,,6.0,3.0,
Emerson Santos,340,275,0,0.0,Emerson Raymundo Santos,0.0,3,3.0,1,6,0.0,,,,,,,,,,,,,,,,
Tchê Tchê,341,275,0,0.0,Danilo das Neves Pinheiro,0.0,4,8.0,1,6,0.0,,,,,,,,,,,,,,,,
Juninho,342,275,0,0.0,José Carlos Ferreira Júnior,0.0,3,6.0,1,6,0.0,,,,,,,,,,,,,,,,
Hyoran,343,275,0,0.0,Hyoran Kaue Dalmoro,0.0,4,3.0,1,6,0.0,,,,,,,,,,,,,,,,
Deyverson,344,275,1,0.9,Deyverson Brum Silva Acosta,0.9,5,4.75,1,6,-1.25,,,,,,,,,,,,,,2.0,1.0,
Daniel Fuzato,345,275,0,0.0,Daniel Cerântula Fuzato,0.0,1,2.0,1,6,0.0,,,,,,,,,,,,,,,,
Yan,346,275,0,0.0,Yan Matheus Santos Souza,0.0,4,1.0,1,6,0.0,,,,,,,,,,,,,,,,
Artur,347,275,0,0.0,Artur Victor Guimarães,0.0,5,3.0,1,6,0.0,,,,,,,,,,,,,,,,
Gabriel Furtado,348,275,0,0.0,Gabriel Vinícius de Oliveira Furtado,0.0,4,2.0,1,6,0.0,,,,,,,,,,,,,,,,
Fernando,349,275,0,0.0,Fernando dos Santos Pedro,0.0,5,2.0,1,6,0.0,,,,,,,,,,,,,,,,
Esteves,350,275,0,0.0,Lucas Esteves de Souza,0.0,2,1.0,1,6,0.0,,,,,,,,,,,,,,,,
Vitão,351,275,0,0.0,Vitor Eduardo da Silva Matos,0.0,3,2.0,1,6,0.0,,,,,,,,,,,,,,,,
Léo Passos,352,275,0,0.0,Leonardo Da Silva Passos,0.0,5,2.0,1,6,0.0,,,,,,,,,,,,,,,,
Zezinho,353,289,0,0.0,José Luis dos Santos Pinto,0.0,4,6.0,1,6,0.0,,,,,,,,,,,,,,,,
Alanzinho,354,275,0,0.0,Alan de Souza Guimarães,0.0,4,3.0,1,6,0.0,,,,,,,,,,,,,,,,
Carlos Eduardo,355,289,1,2.4,Carlos Eduardo Marques,2.4,4,5.1,1,7,0.1,,,,,,,1.0,2.0,,,,,,3.0,1.0,
Aníbal,356,275,0,0.0,Aníbal Gabriel Vega da Silva,0.0,5,1.0,1,6,0.0,,,,,,,,,,,,,,,,
Guilherme Vieira,357,275,0,0.0,Guilherme Vieira,0.0,5,1.0,1,6,0.0,,,,,,,,,,,,,,,,
Luan Cândido,358,275,0,0.0,Luan Cândido de Almeida,0.0,2,1.0,1,6,0.0,,,,,,,,,,,,,,,,
Rogério Micale,359,289,1,1.49,Mário Rogério Reis Micale ,1.49,6,3.78,1,7,-0.22,,,,,,,,,,,,,,,,
Antônio Carlos ,360,275,1,1.7,Antônio Carlos Cunha Capocasali Júnior,1.7,3,7.37,1,7,-1.63,,,,,,,,1.0,,,,,,1.0,1.0,
Roger Bernardo,361,282,0,0.0,Roger de Oliveira Bernardo,0.0,4,4.0,1,6,0.0,,,,,,,,,,,,,,,,
Ricardo Oliveira,362,282,1,-1.0,Ricardo de Oliveira,-1.0,5,2.76,1,7,-2.24,,,,,3.0,,2.0,1.0,,,,,2.0,2.0,,
Fábio Santos,363,282,1,-2.0,Fábio Santos Romeu,-2.0,2,5.51,1,2,-4.49,,1.0,,,1.0,,,1.0,,,,,,5.0,1.0,
Papagaio,364,275,0,0.0,Rafael Elias da Silva,0.0,5,2.0,1,6,0.0,,,,,,,,,,,,,,,,
Felipe Santana,365,282,0,0.0,Felipe Augusto Santana,0.0,3,7.0,1,6,0.0,,,,,,,,,,,,,,,,
Adilson,366,282,0,0.0,Adilson Warken,0.0,4,6.0,1,6,0.0,,,,,,,,,,,,,,,,
Arouca,367,282,0,0.0,Marcos Arouca da Silva,0.0,4,4.0,1,6,0.0,,,,,,,,,,,,,,,,
Luis Carlos,368,289,0,0.0,Luis Carlos Dallastella,0.0,1,2.0,1,6,0.0,,,,,,,,,,,,,,,,
Ronaldo,369,327,0,0.0,Ronaldo dos Santos Ramos Filho,0.0,2,1.0,1,6,0.0,,,,,,,,,,,,,,,,
Patric,370,282,1,-0.8,Patric Cabral Lalau,-0.8,2,4.27,1,7,-2.73,,,,,2.0,,,1.0,,,,,,6.0,1.0,
Victor,371,282,1,4.1,Victor Leandro Bagy,4.1,1,12.47,1,7,-1.53,,,,3.0,,,,,,,,2.0,,3.0,,
Giovanni,372,282,0,0.0,Giovanni Aparecido Adriano dos Santos,0.0,1,6.0,1,6,0.0,,,,,,,,,,,,,,,,
Luan,373,282,1,11.1,Luan Madson Gedeão De Paiva,11.1,5,13.16,1,7,5.16,,,,,,,,,,,,,,3.0,8.0,
Matheus Mancini,374,282,0,0.0,Matheus Mancini,0.0,3,3.0,1,6,0.0,,,,,,,,,,,,,,,,
Leonardo Silva,375,282,0,0.0,Leonardo Fabiano da Silva e Silva,0.0,3,12.0,1,6,0.0,,,,,,,,,,,,,,,,
Samuel Xavier,376,282,0,0.0,Samuel Xavier Brito,0.0,2,5.0,1,2,0.0,,,,,,,,,,,,,,,,
Elias,377,282,1,1.1,Elias Mendes Trindade,1.1,4,9.02,1,7,-2.98,,,,,,,,1.0,,,,,,3.0,1.0,
Clayton,378,282,0,0.0,Clayton Silveira da Silva,0.0,5,6.0,1,5,0.0,,,,,,,,,,,,,,,,
Danilo Barcelos,379,282,0,0.0,Danilo Carvalho Barcelos,0.0,2,6.0,1,6,0.0,,,,,,,,,,,,,,,,
Thiago Santos,380,289,1,-1.0,Thiago dos Santos,-1.0,5,1.38,1,6,-1.62,,1.0,,,2.0,,,2.0,,,,,1.0,,1.0,
Mansur,381,289,1,0.4,Joeliton Lima Santos,0.4,2,3.72,1,7,-1.28,,,,,,,,2.0,,,,,,2.0,,
Guilherme Biteco,382,289,0,0.0,Guilherme Bitencourt da Silva,0.0,4,6.0,1,6,0.0,,,,,,,,,,,,,,,,
Rayan,383,289,1,0.3,Rayan Poltronieri Pereira,0.3,3,2.96,1,7,-1.04,,,,,,,1.0,,,,,,1.0,,,
Alex Santana,384,289,0,0.0,Alex Paulo Menezes Santana,0.0,4,3.0,1,6,0.0,,,,,,,,,,,,,,,,
Luan Viana,385,289,0,0.0,Luan Viana Patrocinio,0.0,5,2.0,1,6,0.0,,,,,,,,,,,,,,,,
Neris,386,289,0,0.0,Hueglo Neris dos Santos,0.0,3,5.0,1,6,0.0,,,,,,,,,,,,,,,,
Matheus Pereira,387,289,0,0.0,Matheus Pereira da Silva,0.0,4,5.0,1,6,0.0,,,,,,,,,,,,,,,,
Diego,388,289,1,1.5,Diego Gonçalves,1.5,5,4.48,1,7,-0.52,,,,,,,,,,,,,,5.0,2.0,
Charles,389,289,0,0.0,Charles Luis Reiter,0.0,3,6.0,1,5,0.0,,,,,,,,,,,,,,,,
Leandro Vilela,390,289,1,2.5,Leandro Vilela Sales Teixeira,2.5,4,4.48,1,7,0.48,,1.0,,,3.0,,1.0,2.0,,,,,,1.0,3.0,
Rafael,391,289,0,0.0,José Rafael do Nascimento Santos,0.0,3,2.0,1,6,0.0,,,,,,,,,,,,,,,,
Yago,392,282,1,-3.0,Yago Henrique Severino dos Santos,-3.0,4,0.69,1,6,-3.31,,1.0,,,2.0,,,,,,,,,,,
Vitor Feijão,393,289,0,0.0,Vitor Correia da Silva,0.0,5,4.0,1,6,0.0,,,,,,,,,,,,,,,,
Lucas Fernandes,394,289,0,0.0,Lucas Fernandes,0.0,5,5.0,1,6,0.0,,,,,,,,,,,,,,,,
Felipe Augusto,395,289,0,0.0,Felipe Augusto Ferreira Batista,0.0,5,4.0,1,6,0.0,,,,,,,,,,,,,,,,
Alemão,396,289,1,1.1,Jucimar José Teixeira,1.1,2,4.89,1,7,-1.11,,,,,,,1.0,,,,,,,4.0,1.0,
Thiago Rodrigues,397,289,0,0.0,Thiago Rodrigues de Oliveira Nogueira,0.0,1,5.0,1,6,0.0,,,,,,,,,,,,,,,,
Minho,398,289,0,0.0,Guilherme de Melo Silva,0.0,5,2.0,1,6,0.0,,,,,,,,,,,,,,,,
Báez,399,289,1,-0.5,Marcelo David Báez Casco,-0.5,2,2.41,1,6,-1.59,,,,,1.0,,,,,,,,,,,
Richard,400,289,1,4.5,Richard de Oliveira da Costa,4.5,1,6.54,1,7,1.54,,,,2.0,,,,1.0,,,,1.0,,,,
Torito González,401,289,0,0.0,Jorge Daniel González Marquet,0.0,4,3.0,1,6,0.0,,,,,,,,,,,,,,,,
Jhony,402,289,0,0.0,Jhony Douglas Santiago,0.0,4,3.0,1,5,0.0,,,,,,,,,,,,,,,,
Lucas Cândido,403,282,0,0.0,Lucas Cândido Silva,0.0,4,2.0,1,6,0.0,,,,,,,,,,,,,,,,
Júnior,404,289,0,0.0,Ozealisson Santos Gomes,0.0,2,3.0,1,6,0.0,,,,,,,,,,,,,,,,
Igor,405,289,0,0.0,Igor Aquino da Silva,0.0,2,2.0,1,6,0.0,,,,,,,,,,,,,,,,
Hyuri,406,282,0,0.0,Hyuri Henrique de Oliveira Costa,0.0,5,4.0,1,6,0.0,,,,,,,,,,,,,,,,
Jhonny Lucas,407,289,0,0.0,Jhonny Lucas Flora Barboza ,0.0,4,3.0,1,6,0.0,,,,,,,,,,,,,,,,
Gabriel Pires,408,289,0,0.0,Gabriel Pires de Oliveira,0.0,4,4.0,1,6,0.0,,,,,,,,,,,,,,,,
Wesley Dias,409,289,1,0.5,Wesley Dias Claudino,0.5,4,2.41,1,7,-0.59,,,,,3.0,,,4.0,,,,,,5.0,1.0,
Dodô,410,277,1,8.5,José Rodolfo Pires Ribeiro,8.5,2,12.75,1,7,2.75,,,,,,1.0,,1.0,,,,,,4.0,2.0,1.0
Murillo Lopes,411,289,0,0.0,Murillo Barbosa Lopes,0.0,1,2.0,1,6,0.0,,,,,,,,,,,,,,,,
David Braz,412,277,1,6.5,David Braz de Oliveira Filho,6.5,3,12.75,1,7,0.75,,,,,,,,,,,,,,,1.0,1.0
Rodrigo Carioca,413,289,0,0.0,Rodrigo Porto Bezerra,0.0,5,1.0,1,6,0.0,,,,,,,,,,,,,,,,
Warley,414,289,0,0.0,Warley Armentano dos Santos,0.0,4,1.0,1,6,0.0,,,,,,,,,,,,,,,,
Vanderlei,415,277,1,8.0,Vanderlei Farias da Silva,8.0,1,21.36,1,7,-1.64,,,,1.0,,,,,,,,,,,,1.0
Renato,416,277,0,0.0,Renato Dirnei Florêncio,0.0,4,9.0,1,6,0.0,,,,,,,,,,,,,,,,
Vitor Bueno,417,277,1,-0.3,Vitor Frezarin Bueno,-0.3,4,7.37,1,6,-3.63,,,,,,,,,,,,,,1.0,,
Leandro Donizete,418,327,0,0.0,Leandro Donizete Gonçalves da Silva,0.0,4,3.0,1,6,0.0,,,,,,,,,,,,,,,,
Vecchio,419,277,0,0.0,Emiliano Gabriel Vecchio,0.0,4,7.0,1,6,0.0,,,,,,,,,,,,,,,,
Vladimir,420,277,0,0.0,Vladimir Orlando Cardoso de Araújo Filho,0.0,1,6.0,1,6,0.0,,,,,,,,,,,,,,,,
Gabriel,421,277,1,5.8,Gabriel Barbosa Almeida,5.8,5,15.02,1,7,-0.98,,,,,1.0,1.0,6.0,1.0,,,,,1.0,4.0,1.0,
Rafael Longuine,422,277,0,0.0,Rafael Vinicius Carvalho Longuine,0.0,4,3.0,1,6,0.0,,,,,,,,,,,,,,,,
Daniel Guedes ,423,277,1,6.2,Daniel Guedes da Silva,6.2,2,9.09,1,7,2.09,,,,,,,,,,,,,,1.0,1.0,1.0
Caju,424,277,0,0.0,Wanderson de Jesus Martins,0.0,2,5.0,1,6,0.0,,,,,,,,,,,,,,,,
Diogo Vitor,425,277,0,0.0,Diogo Vitor da Cruz,0.0,5,2.0,1,6,0.0,,,,,,,,,,,,,,,,
Yuri,426,277,0,0.0,Yuri Oliveira Lima,0.0,4,4.0,1,6,0.0,,,,,,,,,,,,,,,,
Jair Ventura,427,277,1,6.45,Jair Ventura,6.45,6,12.02,1,7,1.02,,,,,,,,,,,,,,,,
João Paulo,428,277,0,0.0,João Paulo Silva Martins,0.0,1,2.0,1,6,0.0,,,,,,,,,,,,,,,,
Bruno Henrique,429,277,0,0.0,Bruno Henrique Pinto,0.0,5,18.0,1,5,0.0,,,,,,,,,,,,,,,,
John Victor,430,277,0,0.0,John Victor Maciel Furtado,0.0,1,1.0,1,6,0.0,,,,,,,,,,,,,,,,
Diego Pituca,431,277,1,0.0,Diego Cristiano Evaristo,0.0,4,0.69,1,6,-0.31,,,,,,,,,,,,,,,,
Lucas Lourenço,432,277,0,0.0,Lucas Lourenço Andrade,0.0,4,1.0,1,6,0.0,,,,,,,,,,,,,,,,
Arthur Gomes,433,277,1,0.0,Arthur Gomes Lourenço,0.0,5,3.44,1,6,-1.56,,,,,,,,,,,,,,,,
Yuri Alberto,434,277,0,0.0,Yuri Alberto Monteiro da Silva,0.0,5,3.0,1,6,0.0,,,,,,,,,,,,,,,,
Lucas Veríssimo,435,277,1,8.5,Lucas Veríssimo da Silva,8.5,3,9.3,1,7,4.3,,,,,,,1.0,,,,,,,1.0,2.0,1.0
Gabriel Calabres,436,277,0,0.0,Gabriel Calabres Nunes,0.0,4,3.0,1,6,0.0,,,,,,,,,,,,,,,,
Matheus Guedes,437,277,0,0.0,Matheus Gabriel Guedes Caetano,0.0,3,2.0,1,6,0.0,,,,,,,,,,,,,,,,
Guilherme Nunes,438,277,0,0.0,Guilherme Nunes da Silva,0.0,4,1.0,1,6,0.0,,,,,,,,,,,,,,,,
Emerson Barbosa,439,277,0,0.0,Emerson Barbosa Rodrigues Dos Santos,0.0,2,1.0,1,6,0.0,,,,,,,,,,,,,,,,
Robson Bambu,440,277,0,0.0,Robson Alves de Barros,0.0,3,1.0,1,6,0.0,,,,,,,,,,,,,,,,
Nenê,441,276,1,0.4,Anderson Luiz de Carvalho,0.4,4,7.85,1,7,-3.15,,,,,1.0,1.0,,,,,,,,1.0,,
Rodrygo,442,277,1,8.8,Rodrygo Silva de Goes,8.8,5,11.57,1,7,3.57,,,,,,1.0,,1.0,,1.0,,,,3.0,,
Hudson,443,276,1,4.8,Hudson Rodrigues dos Santos,4.8,4,8.82,1,6,0.82,,,,,4.0,1.0,,1.0,,,,,,3.0,4.0,
Bruno,444,276,0,0.0,Bruno Vieira do Nascimento,0.0,2,4.0,1,6,0.0,,,,,,,,,,,,,,,,
Diego Souza,445,276,0,0.0,Diego Souza de Andrade,0.0,4,13.0,1,6,0.0,,,,,,,,,,,,,,,,
Anderson Martins,446,276,0,0.0,Anderson Vieira Martins,0.0,3,9.0,1,6,0.0,,,,,,,,,,,,,,,,
Edimar,447,276,0,0.0,Edimar Curitiba Fraga,0.0,2,3.0,1,6,0.0,,,,,,,,,,,,,,,,
Régis,448,276,1,4.4,Régis Ribeiro de Souza,4.4,2,5.79,1,7,1.79,,1.0,,,2.0,,,,,,,,,2.0,2.0,1.0
Sidão,449,276,1,5.7,Sidney Aparecido Ramos da Silva,5.7,1,10.82,1,7,0.82,,1.0,,1.0,,,,,,,,,,1.0,,1.0
Jucilei,450,276,1,0.6,Jucilei da Silva,0.6,4,7.3,1,2,-2.7,,,,,4.0,,,1.0,,,,,,3.0,2.0,
Bruno Alves,451,276,1,12.2,Bruno Fabiano Alves,12.2,3,11.16,1,6,7.16,,,,,1.0,,,,,1.0,,,,1.0,,1.0
Reinaldo,452,276,0,0.0,Reinaldo Manoel da Silva,0.0,2,12.0,1,6,0.0,,,,,,,,,,,,,,,,
Diego Aguirre,453,276,1,5.46,Diego Vicente Aguirre Camblor,5.46,6,9.28,1,7,1.28,,,,,,,,,,,,,,,,
Rodrigo Caio,454,276,1,4.1,Rodrigo Caio Roquette Russo,4.1,3,11.09,1,7,-0.91,,,,,1.0,,,1.0,,,,,,3.0,,1.0
Petros,455,276,0,0.0,Petros Mateus dos Santos Araújo,0.0,4,10.0,1,2,0.0,,,,,,,,,,,,,,,,
Marcos Guilherme ,456,276,1,5.4,Marcos Guilherme de Almeida Santos Matos,5.4,5,11.99,1,6,-0.01,,,,,1.0,1.0,2.0,,,,,,1.0,3.0,3.0,
Cueva,457,276,1,5.7,Christian Alberto Cueva Bravo,5.7,4,13.57,1,7,-0.43,1.0,,,,1.0,,,3.0,,,,,,6.0,1.0,
Valdívia,458,276,1,3.0,Wanderson Ferreira de Oliveira,3.0,4,8.96,1,7,-1.04,,,,,2.0,,,2.0,,,,,,,2.0,
Júnior Santos,459,315,0,0.0,Natanael de Sousa Santos Júnior,0.0,5,1.0,1,6,0.0,,,,,,,,,,,,,,,,
Carneiro,460,276,0,0.0,Gonzalo Rodrigo Carneiro Méndez,0.0,5,4.0,1,6,0.0,,,,,,,,,,,,,,,,
Bruno Silva,461,315,0,0.0,Bruno da Silva Santos,0.0,5,1.0,1,6,0.0,,,,,,,,,,,,,,,,
Jadson,462,264,0,0.0,Jadson Rodrigues da Silva,0.0,4,12.0,1,6,0.0,,,,,,,,,,,,,,,,
Morato,463,276,0,0.0,Andrew Erik Feitosa,0.0,5,2.0,1,6,0.0,,,,,,,,,,,,,,,,
Fagner,464,264,1,0.5,Fagner Conserva Lemos,0.5,2,12.06,1,7,-4.94,,,,,,,,1.0,,,,,,10.0,2.0,
Cássio,465,264,1,0.7,Cássio Ramos,0.7,1,9.44,1,7,-3.56,,,,1.0,,,,,,,,1.0,,1.0,,
Lucca,466,285,0,0.0,Lucca Borges Brito,0.0,5,8.0,1,6,0.0,,,,,,,,,,,,,,,,
Emerson Sheik,467,264,1,6.5,Márcio Passos de Albuquerque,6.5,5,9.99,1,6,1.99,1.0,,,,,,,3.0,,,,,,,,
Henrique,468,264,1,2.8,Henrique Adriano Buss,2.8,3,8.82,1,2,-1.18,,,,,,,1.0,1.0,,,,,,,1.0,
Danilo,469,264,0,0.0,Danilo Gabriel de Andrade,0.0,4,4.0,1,6,0.0,,,,,,,,,,,,,,,,
Cazares,470,282,1,5.1,Juan Ramón Cazares Sevillano,5.1,4,11.09,1,2,0.09,,,,,1.0,2.0,1.0,,,,,,,2.0,2.0,
Walter,471,264,0,0.0,Walter Leandro Capeloza Artune,0.0,1,7.0,1,6,0.0,,,,,,,,,,,,,,,,
Vilson,472,264,0,0.0,Vilson Xavier de Meneses Junior,0.0,3,4.0,1,6,0.0,,,,,,,,,,,,,,,,
Marquinhos Gabriel,473,264,0,0.0,Marcos Gabriel do Nascimento,0.0,4,6.0,1,6,0.0,,,,,,,,,,,,,,,,
Júnior Dutra,474,264,0,0.0,Sérgio Dutra Júnior,0.0,5,7.0,1,6,0.0,,,,,,,,,,,,,,,,
Bruno Paulo,475,264,0,0.0, Bruno Paulo Machado Barbosa,0.0,5,1.0,1,6,0.0,,,,,,,,,,,,,,,,
Ralf,476,264,1,3.0,Ralf de Souza Telles,3.0,4,8.96,1,7,-1.04,,,,,1.0,,,1.0,,,,,,,2.0,
Fábio Carille,477,264,1,4.19,Fábio Luiz Carille de Araújo,4.19,6,12.53,1,7,-1.47,,,,,,,,,,,,,,,,
Gabriel,478,264,0,0.0,Gabriel Girotto Franco,0.0,4,11.0,1,6,0.0,,,,,,,,,,,,,,,,
Marllon,479,264,0,0.0,Marllon Gonçalves Jerônimo Borges,0.0,3,7.0,1,6,0.0,,,,,,,,,,,,,,,,
Pedro Henrique,480,264,0,0.0,Pedro Henrique Ribeiro Gonçalves,0.0,3,6.0,1,2,0.0,,,,,,,,,,,,,,,,
Jean,481,263,0,0.0,Jean Carlos de Souza Irmer,0.0,4,3.0,1,6,0.0,,,,,,,,,,,,,,,,
Paulo Roberto,482,264,0,0.0,Paulo Roberto da Silva,0.0,4,3.0,1,6,0.0,,,,,,,,,,,,,,,,
Clayson,483,264,1,3.6,Clayson Henrique da Silva Vieira,3.6,5,8.68,1,7,-0.32,,,,,3.0,,1.0,2.0,,,,,,4.0,3.0,
Sidcley,484,264,1,1.5,Sidcley Ferreira Pereira,1.5,2,6.54,1,7,-1.46,,,,,1.0,,,1.0,,,,,,,1.0,
Balbuena,485,264,1,7.2,Fabián Cornelio Balbuena González,7.2,3,17.36,1,7,-0.64,,,,,1.0,,,1.0,,,,,,1.0,5.0,
Renê Júnior,486,264,1,-1.0,Renê dos Santos Júnior,-1.0,4,6.2,1,7,-3.8,,,,,3.0,,1.0,,,,,,,1.0,,
Matheus Vidotto,487,264,0,0.0,Matheus Caldeira Vidotto de Oliveira,0.0,1,2.0,1,6,0.0,,,,,,,,,,,,,,,,
Kazim,488,264,0,0.0,Colin Kazim-Richards,0.0,5,4.0,1,6,0.0,,,,,,,,,,,,,,,,
Ángel Romero,489,264,1,5.8,Ángel Rodrigo Romero Villamayor,5.8,5,10.2,1,7,1.2,1.0,,,,2.0,,2.0,1.0,,,,,,6.0,1.0,
Caíque França,490,264,0,0.0,Caíque França Godoy,0.0,1,2.0,1,6,0.0,,,,,,,,,,,,,,,,
Pedrinho,491,264,1,-0.6,Pedro Victor Delmino da Silva,-0.6,4,3.72,1,6,-2.28,,,,,1.0,,,1.0,,,,,,2.0,,
Mateus Vital,492,264,1,-0.1,Mateus da Silva Vital Assumpção,-0.1,4,3.38,1,7,-1.62,,,,,,,1.0,,,,,,,3.0,,
Maycon,493,264,1,-0.3,Maycon de Andrade Barberan,-0.3,4,4.62,1,6,-2.38,,,,,,,,,,,,,,1.0,,
Léo Santos,494,264,0,0.0,Leonardo Rodrigues dos Santos,0.0,3,2.0,1,6,0.0,,,,,,,,,,,,,,,,
Filipe,495,264,0,0.0,Filipe Gonçalves dos Santos,0.0,1,1.0,1,6,0.0,,,,,,,,,,,,,,,,
Léo Principe,496,264,0,0.0,Leonardo Peixoto Principe,0.0,2,4.0,1,6,0.0,,,,,,,,,,,,,,,,
Mantuan,497,264,0,0.0,Guilherme Mantuan,0.0,2,2.0,1,6,0.0,,,,,,,,,,,,,,,,
Juninho Capixaba,498,264,0,0.0,Luis Antônio da Rocha Júnior,0.0,2,7.0,1,6,0.0,,,,,,,,,,,,,,,,
Igor Campos,499,315,0,0.0,Igor Henrique Pereira de Campos,0.0,1,1.0,1,6,0.0,,,,,,,,,,,,,,,,
Matheus Matias,500,264,0,0.0,Matheus Matias Ferreira,0.0,5,4.0,1,6,0.0,,,,,,,,,,,,,,,,
Alison,501,277,1,3.3,Alison Lopes Ferreira,3.3,4,7.78,1,7,-0.22,,,,,1.0,,1.0,,,,,,,,2.0,
Gustavo Henrique,502,277,0,0.0,Gustavo Henrique Vernes,0.0,3,5.0,1,6,0.0,,,,,,,,,,,,,,,,
Cléber Reis,503,289,0,0.0,Cléber Janderson Pereira Reis,0.0,3,5.0,1,6,0.0,,,,,,,,,,,,,,,,
Luiz Felipe,504,277,0,0.0,Luiz Felipe do Nascimento dos Santos,0.0,3,4.0,1,6,0.0,,,,,,,,,,,,,,,,
Eduardo Sasha,505,277,1,3.6,Eduardo Colcenti Antunes,3.6,5,9.37,1,7,-0.63,1.0,,,,2.0,,,1.0,,,,,,3.0,,
Léo Cittadini,506,277,1,6.5,Leonardo Cittadini,6.5,4,7.92,1,7,2.92,,,,,1.0,,2.0,,,,,,,2.0,4.0,
Jean Mota,507,277,1,5.5,Jean Mota Oliveira de Sousa,5.5,4,8.61,1,7,1.61,,,,,2.0,1.0,3.0,1.0,,,,,,7.0,3.0,
Copete,508,277,0,0.0,Jonathan Copete Valencia,0.0,5,9.0,1,6,0.0,,,,,,,,,,,,,,,,
Victor Ferraz,509,277,0,0.0,Victor Ferraz Macedo,0.0,2,11.0,1,6,0.0,,,,,,,,,,,,,,,,
Carlos Augusto,510,264,0,0.0,Carlos Augusto Zopalato Neves,0.0,2,1.0,1,6,0.0,,,,,,,,,,,,,,,,
Fábio,511,283,1,1.0,Fábio Deivson Lopes Maciel,1.0,1,11.71,1,7,-4.29,,,,1.0,,,,,,,,1.0,,,,
Rafinha,512,283,0,0.0,Rafael da Silva Francisco,0.0,4,11.0,1,6,0.0,,,,,,,,,,,,,,,,
Mano Menezes,513,283,1,2.49,Luis Antônio Venker de Menezes,2.49,6,10.67,1,7,-2.33,,,,,,,,,,,,,,,,
Thiago Neves,514,283,1,1.7,Thiago Neves Augusto,1.7,4,17.71,1,7,-6.29,,,,,,2.0,,1.0,,,,,,4.0,,
Renan Lodi,515,293,0,0.0,Renan Augusto Lodi dos Santos,0.0,2,2.0,1,6,0.0,,,,,,,,,,,,,,,,
Rafael Sobis,516,283,1,1.5,Rafael Augusto Sobis do Nascimento,1.5,5,6.54,1,7,-1.46,,,,,1.0,,1.0,,,,,,,1.0,1.0,
Henrique,517,283,1,6.8,Henrique Pacheco de Lima,6.8,4,11.57,1,7,1.57,,,,,,,2.0,2.0,,,,,,1.0,3.0,
Iago Maidana,518,282,0,0.0,Iago Justen Maidana Martins,0.0,3,4.0,1,5,0.0,,,,,,,,,,,,,,,,
Uilson,519,282,0,0.0,Uilson Pedruzzi de Oliveira,0.0,1,2.0,1,5,0.0,,,,,,,,,,,,,,,,
Marcinho,520,293,0,0.0,Marcio Antonio de Sousa Júnior,0.0,5,4.0,1,6,0.0,,,,,,,,,,,,,,,,
Gabriel,521,282,1,-0.5,Gabriel Costa França,-0.5,3,7.92,1,7,-4.08,,,,,3.0,,,2.0,,,,,,,,
Fred,522,283,0,0.0,Frederico Chaves Guedes,0.0,5,16.0,1,5,0.0,,,,,,,,,,,,,,,,
Matheus Anjos,523,293,0,0.0,Matheus Aleksander dos Anjos,0.0,4,2.0,1,6,0.0,,,,,,,,,,,,,,,,
Bruno Guimarães,524,293,1,5.2,Bruno Guimarães Rodriguez Moura,5.2,4,5.65,1,6,2.65,,,,,1.0,,,6.0,,,,,,1.0,2.0,
Matheusinho,525,327,0,0.0,Matheus Leonardo Sales Cardoso,0.0,4,4.0,1,5,0.0,,,,,,,,,,,,,,,,
Riuler,526,293,0,0.0,Riuler de Oliveira Faustino,0.0,2,1.0,1,6,0.0,,,,,,,,,,,,,,,,
Marcelo,527,293,0,0.0,Marcelo dos Santos Rosa,0.0,5,2.0,1,6,0.0,,,,,,,,,,,,,,,,
Guilherme Ribeiro,528,293,0,0.0,Guilherme Ribeiro Rend,0.0,4,1.0,1,6,0.0,,,,,,,,,,,,,,,,
Caio,529,293,0,0.0,Caio Alan Tem Catem Gonçalves,0.0,1,1.0,1,6,0.0,,,,,,,,,,,,,,,,
Alexsander,530,293,0,0.0,Alexsander Jhonatta de Oliveira Andrade,0.0,4,1.0,1,6,0.0,,,,,,,,,,,,,,,,
Vitor Naum,531,293,0,0.0,Vitor Hugo Naum Dos Santos,0.0,5,1.0,1,6,0.0,,,,,,,,,,,,,,,,
Daniel ,532,293,0,0.0,Daniel dos Santos Oliveira,0.0,3,1.0,1,6,0.0,,,,,,,,,,,,,,,,
Leonardo Simas,533,293,0,0.0,Leonardo da Silva Simas,0.0,2,1.0,1,6,0.0,,,,,,,,,,,,,,,,
Weverton Almeida,534,293,0,0.0,Weverton Almeida Silva,0.0,3,1.0,1,6,0.0,,,,,,,,,,,,,,,,
Bruno Leite,535,293,0,0.0,Bruno da Silva Costa Leite,0.0,4,1.0,1,6,0.0,,,,,,,,,,,,,,,,
Guto Ferreira,536,265,1,2.48,Augusto Sérgio Ferreira,2.48,6,6.53,1,7,-0.47,,,,,,,,,,,,,,,,
Demethryus,537,293,0,0.0,Demethryus Maciel Areias Nascimento,0.0,4,1.0,1,6,0.0,,,,,,,,,,,,,,,,
Gabriel,538,293,0,0.0,Gabriel José Ferreira Mesquita,0.0,1,1.0,1,6,0.0,,,,,,,,,,,,,,,,
Anderson,539,265,0,0.0,Anderson Pedro Nunes da Silva Campos,0.0,1,3.0,1,6,0.0,,,,,,,,,,,,,,,,
Lucas Halter,540,293,0,0.0,Lucas Halter,0.0,3,1.0,1,6,0.0,,,,,,,,,,,,,,,,
Kayke,541,265,0,0.0,Kayke Moreno de Andrade Rodrigues,0.0,5,6.0,1,6,0.0,,,,,,,,,,,,,,,,
Nino Paraíba,542,265,1,7.2,Severino do Ramo Clementino da Silva,7.2,2,9.09,1,7,3.09,,,,,,,1.0,2.0,,,,,,2.0,4.0,
Nilton,543,265,0,0.0,Nílton Ferreira Júnior,0.0,4,7.0,1,6,0.0,,,,,,,,,,,,,,,,
Jackson,544,265,0,0.0,Jackson de Souza,0.0,3,4.0,1,5,0.0,,,,,,,,,,,,,,,,
Lucas Perri,545,276,0,0.0,Lucas Estella Perri,0.0,1,1.0,1,6,0.0,,,,,,,,,,,,,,,,
Jean,546,276,0,0.0,Jean Paulo Fernandes Filho,0.0,1,8.0,1,6,0.0,,,,,,,,,,,,,,,,
Elton,547,265,1,2.9,Elton Junior Melo Ataíde,2.9,4,6.13,1,7,0.13,,,,,3.0,,,1.0,,,,,,2.0,3.0,
Andrey,548,267,0,0.0,Andrey Ramos do Nascimento,0.0,4,4.0,1,6,0.0,,,,,,,,,,,,,,,,
Arboleda,549,276,0,0.0,Robert Abel Arboleda Escobar,0.0,3,11.0,1,7,0.0,,,,,,,,,,,,,,,,
Júnior Tavares,550,276,1,5.0,Carlos Eugenio Júnior Tavares dos Santos,5.0,2,7.58,1,6,1.58,,1.0,,,1.0,,,2.0,,,,,,,1.0,1.0
Aderllan,551,276,0,0.0,Aderllan Leandro de Jesus Santos,0.0,3,2.0,1,6,0.0,,,,,,,,,,,,,,,,
Caíque,552,276,0,0.0,Caique da Silva Maria,0.0,5,1.0,1,6,0.0,,,,,,,,,,,,,,,,
Éder Militão,553,276,1,6.2,Éder Gabriel Militão,6.2,2,9.78,1,7,1.78,,1.0,,,1.0,,,2.0,,,,,,1.0,2.0,1.0
Lucas Fernandes,554,276,1,3.6,Lucas Fernandes da Silva,3.6,4,5.24,1,6,1.24,,,,,1.0,2.0,,1.0,,,,,,1.0,1.0,
Shaylon,555,276,0,0.0,Shaylon Kallyson Cardoso,0.0,4,4.0,1,6,0.0,,,,,,,,,,,,,,,,
Araruna,556,276,0,0.0,Felipe Araruna Hoffman,0.0,4,3.0,1,6,0.0,,,,,,,,,,,,,,,,
Igor Gomes,557,276,0,0.0,Igor Silveira Gomes,0.0,4,1.0,1,6,0.0,,,,,,,,,,,,,,,,
Brenner,558,276,1,-1.0,Brenner Souza da Silva,-1.0,5,2.76,1,6,-2.24,,,,,1.0,,1.0,,,,,,2.0,1.0,,
Bissoli,559,276,0,0.0,Guilherme Bissoli Campos ,0.0,5,2.0,1,6,0.0,,,,,,,,,,,,,,,,
Liziero,560,276,0,0.0,Igor Matheus Liziero Pereira ,0.0,2,3.0,1,7,0.0,,,,,,,,,,,,,,,,
Lucas Paes,561,276,0,0.0,Lucas Paes Souza,0.0,1,1.0,1,6,0.0,,,,,,,,,,,,,,,,
Paulinho,562,276,0,0.0,Paulo Henrique Pereira da Silva,0.0,5,1.0,1,6,0.0,,,,,,,,,,,,,,,,
Gabriel,563,276,0,0.0,Gabriel Davi Gomes Sara,0.0,4,1.0,1,6,0.0,,,,,,,,,,,,,,,,
Durval,564,292,0,0.0,Severino dos Ramos Durval da Silva,0.0,3,6.0,1,6,0.0,,,,,,,,,,,,,,,,
Paulo Henrique,565,276,0,0.0,Paulo Henrique Rolim de Genova,0.0,4,1.0,1,6,0.0,,,,,,,,,,,,,,,,
Nelsinho Baptista,566,292,1,1.41,Nélson Baptista Júnior,1.41,6,5.79,1,7,-1.21,,,,,,,,,,,,,,,,
Anselmo,567,292,1,6.7,Anselmo de Moraes,6.7,4,10.13,1,7,2.13,,,,,2.0,,1.0,3.0,,,,,,2.0,4.0,
Fellipe Bastos,568,292,1,0.9,Fellipe Ramos Ignez Bastos,0.9,4,3.38,1,7,-0.62,,,,,1.0,1.0,1.0,,,,,,,2.0,,
Magrão,569,292,0,0.0,Alessandro Beti Rosa,0.0,1,10.0,1,5,0.0,,,,,,,,,,,,,,,,
Toró,570,276,0,0.0,Jonas Gabriel da Silva Nunes,0.0,5,3.0,1,6,0.0,,,,,,,,,,,,,,,,
Michel,571,327,0,0.0,Michel Araújo Silvestre,0.0,2,2.0,1,6,0.0,,,,,,,,,,,,,,,,
Ronaldo Alves,572,292,0,0.0,Ronaldo Luiz Alves,0.0,3,7.0,1,6,0.0,,,,,,,,,,,,,,,,
Thomás,573,292,0,0.0,Thomás Jaguaribe Bedinelli,0.0,4,6.0,1,6,0.0,,,,,,,,,,,,,,,,
Agenor,574,292,1,-6.0,Agenor Detofol,-6.0,1,0.69,1,7,-2.31,,,,,,,,,,,,3.0,,,,
Gabriel,575,292,1,1.2,Gabriel Santana Pinto,1.2,4,4.96,1,6,-1.04,,,,,,,1.0,2.0,,,,,,2.0,,
Neto Moura,576,292,0,0.0,Antônio Francisco Moura Neto,0.0,4,4.0,1,6,0.0,,,,,,,,,,,,,,,,
Oswaldo Henríquez,577,292,0,0.0,Oswaldo José Henríquez Bocanegra,0.0,3,6.0,1,6,0.0,,,,,,,,,,,,,,,,
Raul Prata,578,292,1,7.1,Raul Prata,7.1,2,9.02,1,7,3.02,,,,,,,,1.0,,,,,,3.0,5.0,
Otero,579,282,1,16.5,Rómulo Otero Vásquez,16.5,4,14.81,1,7,9.81,,,,,1.0,2.0,2.0,2.0,,1.0,,,1.0,,3.0,
Leandro Pereira,580,292,0,0.0,Leandro Marcos Pereira,0.0,5,6.0,1,6,0.0,,,,,,,,,,,,,,,,
Felipe Rodrigues,581,292,0,0.0,Felipe Rodrigues dos Santos,0.0,2,2.0,1,6,0.0,,,,,,,,,,,,,,,,
Marlone,582,292,1,1.6,Johnath Marlone Azevedo da Silva,1.6,4,7.3,1,7,-1.7,,1.0,,,1.0,3.0,1.0,1.0,,,,,1.0,1.0,,
Rogério,583,292,0,0.0,José Rogério de Oliveira,0.0,5,7.0,1,5,0.0,,,,,,,,,,,,,,,,
Lucas Ferreira,584,292,0,0.0,Lucas Ferreira Amaral,0.0,1,2.0,1,6,0.0,,,,,,,,,,,,,,,,
Evandro,585,292,0,0.0,Evandro Lima de Oliveira Filho,0.0,2,3.0,1,6,0.0,,,,,,,,,,,,,,,,
Juninho,586,292,0,0.0,Edimar Ribeiro da Costa Júnior,0.0,5,4.0,1,6,0.0,,,,,,,,,,,,,,,,
Fabrício,587,292,0,0.0,Fabrício Silva Costa,0.0,4,3.0,1,6,0.0,,,,,,,,,,,,,,,,
Índio,588,292,0,0.0,Wildson Silva de Melo,0.0,5,2.0,1,6,0.0,,,,,,,,,,,,,,,,
Sander,589,292,1,1.9,Sander Henrique Bortolotto,1.9,2,6.82,1,6,-1.18,,,,,,,,2.0,,,,,,2.0,1.0,
Mikael,590,292,0,0.0,Mikael Filipe Viana,0.0,5,1.0,1,6,0.0,,,,,,,,,,,,,,,,
Adryelson,591,292,0,0.0,Adryelson Shawann Lima Silva,0.0,3,3.0,1,6,0.0,,,,,,,,,,,,,,,,
Maílson,592,292,0,0.0,Maílson Tenório dos Santos,0.0,1,1.0,1,6,0.0,,,,,,,,,,,,,,,,
Léo Ortiz,593,292,1,-1.5,Leonardo Rech Ortiz,-1.5,3,3.1,1,7,-2.9,,1.0,,,2.0,,,,,,,,,,1.0,
Wellington,594,267,1,0.6,Wellington Aparecido Martins,0.6,4,4.55,1,7,-1.45,,,,,,1.0,,,,,,,,2.0,,
Wagner,595,267,1,12.6,Wagner Ferreira dos Santos,12.6,4,13.5,1,7,6.5,,,,,2.0,2.0,,3.0,,1.0,,,2.0,1.0,2.0,
Marcelo Mattos,596,267,0,0.0,Marcelo Mendonça de Mattos Terra,0.0,4,2.0,1,6,0.0,,,,,,,,,,,,,,,,
Breno,597,267,0,0.0,Breno Vinicius Rodrigues Borges,0.0,3,6.0,1,6,0.0,,,,,,,,,,,,,,,,
Fabrício,598,267,0,0.0,Fabricio dos Santos Silva,0.0,2,5.0,1,6,0.0,,,,,,,,,,,,,,,,
Paulão,599,267,1,3.2,Paulo Marcos de Jesus Ribeiro,3.2,3,5.65,1,7,0.65,,,,,1.0,,,2.0,,,,,,1.0,2.0,
Giovanni Augusto,600,267,0,0.0,Giovanni Augusto Oliveira Cardoso,0.0,4,8.0,1,5,0.0,,,,,,,,,,,,,,,,
Werley,601,267,1,4.1,Werley Ananias da Silva,4.1,3,5.58,1,6,1.58,,,,,,1.0,,1.0,,,,,,2.0,2.0,
Ramon,602,267,0,0.0,Ramon de Morais Motta ,0.0,2,10.0,1,5,0.0,,,,,,,,,,,,,,,,
Rafael Galhardo,603,267,1,1.8,Rafael Galhardo de Souza,1.8,2,4.0,1,7,0.0,,,,,,,,,,,,,,4.0,2.0,
Kelvin,604,267,0,0.0,Kelvin Mateus de Oliveira,0.0,5,6.0,1,6,0.0,,,,,,,,,,,,,,,,
Thiago Galhardo,605,267,1,5.7,Thiago Galhardo do Nascimento Rocha,5.7,4,7.37,1,6,2.37,1.0,,,,1.0,,1.0,2.0,,,,,,2.0,,
Yago Pikachu,606,267,1,12.8,Glaybson Yago Souza Lisboa,12.8,2,14.33,1,7,6.33,,,,,,,1.0,2.0,1.0,1.0,,,,5.0,1.0,
Martín Silva,607,267,1,4.0,Martín Andrés Silva,4.0,1,12.4,1,7,-1.6,,,,2.0,,,,,,,,1.0,,,,
Rildo,608,267,1,0.0,Rildo de Andrade Felicissimo,0.0,5,4.13,1,6,-1.87,,1.0,,,1.0,,1.0,4.0,,,,,,1.0,,
Desábato,609,267,1,2.1,Luis Leandro Desábato,2.1,4,6.27,1,7,-0.73,,,,,,,,,,,,,,3.0,2.0,
Erazo,610,267,0,0.0,Frickson Rafael  Erazo Vivero,0.0,3,7.0,1,7,0.0,,,,,,,,,,,,,,,,
Luiz Gustavo,611,267,0,0.0,Luiz Gustavo Tavares Conde,0.0,3,4.0,1,6,0.0,,,,,,,,,,,,,,,,
Andrés Ríos,612,267,1,-2.5,Andrés Lorenzo Ríos,-2.5,5,3.1,1,6,-3.9,,1.0,,,2.0,,,1.0,,,,,,,,
Riascos,613,267,1,1.1,Duvier Riacos Barahona,1.1,5,5.58,1,7,-1.42,,,,,2.0,1.0,,1.0,,,,,1.0,2.0,1.0,
Bruno Paulista,614,267,0,0.0,Bruno Jacinto da Silva,0.0,4,4.0,1,6,0.0,,,,,,,,,,,,,,,,
Henrique,615,267,1,2.8,Henrique Silva Milagres,2.8,2,6.75,1,7,-0.25,,1.0,,,1.0,1.0,,1.0,,,,,,3.0,3.0,
Bruno Silva,616,267,0,0.0,Bruno da Silva Barbosa,0.0,4,2.0,1,6,0.0,,,,,,,,,,,,,,,,
Gabriel Félix,617,267,0,0.0,Gabriel Félix dos Santos,0.0,1,3.0,1,6,0.0,,,,,,,,,,,,,,,,
Carlos,618,282,0,0.0,Carlos Alberto Carvalho da Silva Júnior,0.0,5,4.0,1,6,0.0,,,,,,,,,,,,,,,,
Evander,619,267,1,2.5,Evander da Silva Ferreira,2.5,4,7.92,1,7,-1.08,,1.0,,,1.0,,3.0,1.0,,,,,,3.0,2.0,
Zé Ricardo,620,267,1,4.62,José Ricardo Mannarino,4.62,6,10.07,1,7,0.07,,,,,,,,,,,,,,,,
Jory,621,327,1,13.7,Joriwinnyson Santos dos Anjos Rodrigues,13.7,1,10.13,1,7,9.13,,,,3.0,,,,,,,,,,1.0,,1.0
Moisés,622,275,1,-0.3,Moisés Lima Magalhães,-0.3,4,7.37,1,6,-3.63,,,,,,,,,,,,,,1.0,,
Pedrão,623,275,0,0.0,Pedro Henrique de Oliveira Correira,0.0,3,2.0,1,6,0.0,,,,,,,,,,,,,,,,
Erik,624,282,1,0.0,Erik Nascimento Lima,0.0,5,4.82,1,6,-2.18,,,,,,,,,,,,,,,,
Alan Cardoso,625,267,0,0.0,Alan Cardoso de Andrade,0.0,2,3.0,1,6,0.0,,,,,,,,,,,,,,,,
Everton Felipe,626,292,1,-0.1,Everton Felipe de Oliveira Silva,-0.1,4,3.38,1,6,-1.62,,,,,,,1.0,,,,,,,3.0,,
Paulo Vitor,627,267,0,0.0,Paulo Vitor Fernandes Pereira,0.0,5,4.0,1,6,0.0,,,,,,,,,,,,,,,,
Caio Monteiro,628,267,0,0.0,Caio Monteiro Costa,0.0,5,3.0,1,6,0.0,,,,,,,,,,,,,,,,
Bruno Cosendey,629,267,0,0.0,Bruno Cosendey Lobo Pinto,0.0,4,3.0,1,6,0.0,,,,,,,,,,,,,,,,
Paulinho,630,267,0,0.0,Paulo Henrique Sampaio Filho ,0.0,5,8.0,1,5,0.0,,,,,,,,,,,,,,,,
Matheus Santos,631,327,0,0.0,Matheus Santos Soares,0.0,5,1.0,1,6,0.0,,,,,,,,,,,,,,,,
Ricardo,632,267,0,0.0,Ricardo Queiroz de Alencastro Graça,0.0,3,5.0,1,6,0.0,,,,,,,,,,,,,,,,
Rafael França,633,267,0,0.0,Rafael de Carvalho França,0.0,3,1.0,1,6,0.0,,,,,,,,,,,,,,,,
Lucas Santos,634,267,0,0.0,Lucas Santos da Silva,0.0,4,1.0,1,6,0.0,,,,,,,,,,,,,,,,
João Pedro,635,267,0,0.0,João Pedro Soares Borges,0.0,1,1.0,1,6,0.0,,,,,,,,,,,,,,,,
Kanu,636,287,1,-1.5,Antonio Eduardo Pereira dos Santos,-1.5,3,4.48,1,7,-3.52,,,,,3.0,,,,,,,,,,,
Willian Farias,637,287,1,1.8,Willian Roberto Farias,1.8,4,4.68,1,7,-0.32,,,,,,,1.0,2.0,,,,,,,,
Pedro Botelho,638,287,1,2.9,Pedro Roberto Silva Botelho,2.9,2,5.44,1,7,0.44,,,,,,,1.0,,,,,,,3.0,2.0,
Vagner Mancini,639,287,1,2.26,Vagner Carmo Mancini,2.26,6,7.07,1,7,-0.93,,,,,,,,,,,,,,,,
Cleiton Xavier,640,287,0,0.0,Cleiton Ribeiro Xavier,0.0,4,5.0,1,5,0.0,,,,,,,,,,,,,,,,
Lucas,641,287,0,0.0,Lucas Rios Marques,0.0,2,7.0,1,6,0.0,,,,,,,,,,,,,,,,
Fillipe Soutto,642,287,0,0.0,Fillipe Soutto Mayor Nogueira Ferreira,0.0,4,6.0,1,6,0.0,,,,,,,,,,,,,,,,
Rhayner,643,287,1,6.4,Rhayner Santos Nascimento,6.4,5,7.85,1,7,2.85,1.0,1.0,,,2.0,,3.0,1.0,1.0,,,,,5.0,,
Juninho,644,287,1,0.0,Evanildo Borges Barbosa Júnior,0.0,2,3.44,1,6,-1.56,,,,,,,,,,,,,,,,
André Lima,645,287,0,0.0,André Luiz Barretto Silva Lima,0.0,5,6.0,1,5,0.0,,,,,,,,,,,,,,,,
Fernando Miguel,646,287,0,0.0,Fernando Miguel Kaufmann,0.0,1,9.0,1,6,0.0,,,,,,,,,,,,,,,,
Jonatas Belusso,647,287,0,0.0,Jonatas Elias Belusso,0.0,5,5.0,1,6,0.0,,,,,,,,,,,,,,,,
Alex Baumjohann,648,287,1,0.3,Alexander Baumjohann,0.3,4,2.96,1,7,-1.04,,,,,2.0,,1.0,1.0,,,,,,,,
Bryan,649,287,0,0.0,Bryan Silva Garcia,0.0,2,7.0,1,5,0.0,,,,,,,,,,,,,,,,
Walisson Maia,650,287,0,0.0,Walisson Moreira Farias Maia,0.0,3,5.0,1,6,0.0,,,,,,,,,,,,,,,,
Neilton,651,287,0,0.0,Neilton Meira Mestzk,0.0,5,11.0,1,5,0.0,,,,,,,,,,,,,,,,
Guilherme Costa,652,287,1,0.2,Guilherme Costa Machado Silveira,0.2,4,2.89,1,6,-1.11,,,,,,,,1.0,,,,,,1.0,,
Uillian Correia,653,287,1,0.5,Uillian Correia Granemann,0.5,4,5.17,1,7,-1.83,,,,,2.0,1.0,,,,,,,,4.0,1.0,
Denilson,654,287,1,9.1,Denilson Pereira Junior,9.1,5,11.09,1,7,4.09,,,,,2.0,1.0,1.0,,,1.0,,,1.0,3.0,1.0,
José Welison,655,287,0,0.0,José Welison da Silva,0.0,4,5.0,1,6,0.0,,,,,,,,,,,,,,,,
Yago,656,287,1,7.5,Yago Felipe da Costa Rocha,7.5,4,10.68,1,7,2.68,,1.0,,,4.0,,1.0,3.0,,1.0,,,,6.0,2.0,
Rodrigo Andrade,657,287,1,-2.7,José Rodrigo Andrade Ramos,-2.7,4,0.69,1,7,-1.31,,1.0,,,3.0,1.0,1.0,,,,,,,4.0,,
Ramon,658,287,1,-0.8,Ramon Menezes Roma,-0.8,3,3.58,1,7,-2.42,,,,,4.0,,,,,,,,,1.0,1.0,
Lucas Marques,659,287,0,0.0,Lucas Marques de Oliveira,0.0,4,4.0,1,6,0.0,,,,,,,,,,,,,,,,
Júnior,660,287,0,0.0,Geremias Ribeiro Júnior,0.0,5,3.0,1,6,0.0,,,,,,,,,,,,,,,,
Bruno Bispo,661,287,0,0.0,Bruno Bispo dos Anjos,0.0,3,5.0,1,6,0.0,,,,,,,,,,,,,,,,
Nickson,662,287,0,0.0,Nickson Gabriel Reis Silva,0.0,4,2.0,1,6,0.0,,,,,,,,,,,,,,,,
Vinicius,663,287,0,0.0,Luís Vinícius da Silva Matos,0.0,3,3.0,1,6,0.0,,,,,,,,,,,,,,,,
Ronaldo,664,287,0,0.0,Ronaldo de Oliveira Strada,0.0,1,3.0,1,6,0.0,,,,,,,,,,,,,,,,
Cedric,665,287,0,0.0,Ilson Cedric Borges de Accacio Lima,0.0,2,3.0,1,6,0.0,,,,,,,,,,,,,,,,
Luan,666,287,0,0.0,Luan Silva dos Santos,0.0,4,2.0,1,5,0.0,,,,,,,,,,,,,,,,
Flávio,667,287,0,0.0,Flávio Henrique Alves Almeida Souza,0.0,5,2.0,1,6,0.0,,,,,,,,,,,,,,,,
Linik,668,287,0,0.0,Linik Eduardo Santos,0.0,4,1.0,1,6,0.0,,,,,,,,,,,,,,,,
Max,669,292,0,0.0,Maximiliano Lélis Rodrigues,0.0,3,2.0,1,6,0.0,,,,,,,,,,,,,,,,
Ernando,670,292,1,0.5,Ernando Rodrigues Lopes,0.5,3,5.86,1,7,-2.14,,,,,,,,1.0,,,,,,,,
Jhemerson,671,287,0,0.0,Jhemerson Guimarães Gaigher,0.0,4,3.0,1,6,0.0,,,,,,,,,,,,,,,,
Caíque,672,287,1,-1.0,Caíque Luiz Santos da Purificação,-1.0,1,2.76,1,7,-2.24,,,,1.0,,,,,,,,2.0,,,,
Hygor,673,292,1,-0.5,Hygor Cleber Garcia Silva,-0.5,5,1.03,1,7,-0.97,,,,,1.0,,,1.0,,,,,1.0,,,
Lucas,674,267,0,0.0,Lucas Perdomo Duarte Santos,0.0,4,3.0,1,6,0.0,,,,,,,,,,,,,,,,
Luis David,675,354,0,0.0,Luis David da Conceição Martins,0.0,5,1.0,1,6,0.0,,,,,,,,,,,,,,,,
Tiago Cunha,676,354,0,0.0,Tiago Cunha Rodrigues Serra,0.0,5,1.0,1,6,0.0,,,,,,,,,,,,,,,,
Aguirre,677,263,0,0.0,Rodrigo Sebastián Aguirre Soto,0.0,5,1.0,1,6,0.0,,,,,,,,,,,,,,,,
Luis Henrique,678,284,0,0.0,Luis Henrique Farinhas Taffner,0.0,5,2.0,1,6,0.0,,,,,,,,,,,,,,,,
Maurício,679,354,0,0.0,Maurício Fontana Gomes,0.0,4,1.0,1,6,0.0,,,,,,,,,,,,,,,,
Pablo Pardal,680,292,0,0.0,Pablo Silva de Lara,0.0,4,2.0,1,6,0.0,,,,,,,,,,,,,,,,
Alan,681,354,0,0.0,Alan Rodrigues Uchoa,0.0,3,3.0,1,6,0.0,,,,,,,,,,,,,,,,
Léo Itaperuna,682,289,1,2.0,Leonardo de Oliveira Clemente,2.0,5,3.44,1,6,0.44,,,,,,,,4.0,,,,,,,,
Caio Henrique,683,289,1,-0.4,Caio Henrique Oliveira Silva,-0.4,4,2.48,1,7,-1.52,,,,,3.0,,1.0,,,,,,,4.0,1.0,
Lucas Macanhan,684,293,0,0.0,Lucas Macanhan Ferreira,0.0,1,1.0,1,6,0.0,,,,,,,,,,,,,,,,
Maurício Barbieri,685,262,1,3.79,Maurício Nogueira Barbieri,3.79,6,9.5,1,7,-0.5,,,,,,,,,,,,,,,,
Caio,686,292,0,0.0,Caio Felipe dos Santos Silva,0.0,2,1.0,1,6,0.0,,,,,,,,,,,,,,,,
Ferreira,687,292,1,3.9,Matheus Ferreira de Sousa,3.9,4,4.75,1,7,1.75,,,,,,,,,,,,,,2.0,3.0,
Ademir,688,327,0,0.0,Ademir da Silva Santos Junior,0.0,5,2.0,1,6,0.0,,,,,,,,,,,,,,,,
João Carlos,689,266,1,-0.5,João Carlos Cardoso Santo,-0.5,5,1.03,1,6,-0.97,,,,,1.0,,,,,,,,,,,
Jesiel,690,289,1,1.5,Jesiel Cardoso Miranda,1.5,3,3.1,1,7,0.1,,,,,,,,,,,,,,,1.0,
Jeferson,691,287,1,2.2,Jeferson de Araújo de Carvalho,2.2,2,4.96,1,6,-0.04,,,,,2.0,1.0,,1.0,,,,,,,1.0,
Raphael Alemão,692,289,0,0.0,Raphael Schorr Utzig,0.0,5,2.0,1,6,0.0,,,,,,,,,,,,,,,,
Silvinho,693,289,1,1.6,Silvio José Cardoso Reis Junior,1.6,5,3.86,1,7,-0.14,,,,,3.0,1.0,,2.0,,,,,,2.0,1.0,
Tiago Alves,694,354,0,0.0,Tiago dos Santos Alves,0.0,3,3.0,1,6,0.0,,,,,,,,,,,,,,,,
Léo Gomes,695,287,0,0.0,Leonardo Silva Gomes,0.0,4,1.0,1,6,0.0,,,,,,,,,,,,,,,,
Baralhas,696,293,0,0.0,Gabriel Baralhas,0.0,4,2.0,1,6,0.0,,,,,,,,,,,,,,,,
Michael,697,282,0,0.0,Michael Matias Fracaro,0.0,1,1.0,1,6,0.0,,,,,,,,,,,,,,,,
Egídio,698,283,1,0.4,Egídio de Araújo Pereira Júnior,0.4,2,7.85,1,7,-3.15,,,,,5.0,,,1.0,,,,,,2.0,2.0,
Rafael Marques,699,283,1,-0.5,Rafael Marques Mariano,-0.5,5,2.41,1,6,-1.59,,,,,1.0,,,,,,,,,,,
Cleiton,700,282,0,0.0,Cleiton Schwengber,0.0,1,2.0,1,6,0.0,,,,,,,,,,,,,,,,
Fernando,701,282,0,0.0,Fernando Rodrigues Caixeta Barbosa,0.0,1,1.0,1,6,0.0,,,,,,,,,,,,,,,,
Gustavo Blanco,702,282,1,15.4,Gustavo Blanco Petersen Macedo,15.4,4,12.68,1,7,9.68,1.0,,,,3.0,2.0,,1.0,1.0,,,,,,4.0,
Róger Guedes,703,282,1,-0.3,Róger Krug Guedes,-0.3,5,4.62,1,6,-2.38,,,,,,,,,,,,,,1.0,,
Edílson,704,283,1,0.4,Edílson Mendes Guimarães,0.4,2,9.23,1,7,-3.77,,,,,1.0,,,,,,,,,2.0,1.0,
Dedé,705,283,1,2.7,Anderson Vital da Silva,2.7,3,5.99,1,7,-0.01,,1.0,,,1.0,,,2.0,,,,,,1.0,3.0,
Marco Túlio,706,282,0,0.0,Marco Túlio Oliveira Lemos,0.0,5,1.0,1,6,0.0,,,,,,,,,,,,,,,,
Tomás Andrade,707,282,0,0.0,Tomás Gustavo Andrade,0.0,4,5.0,1,2,0.0,,,,,,,,,,,,,,,,
Léo,708,283,1,2.5,Leonardo Renan Simões de Lacerda,2.5,3,6.54,1,7,-0.46,,,,,1.0,,,,,,,,,,2.0,
Marquinhos,709,282,0,0.0,José Marcos Costa Martins,0.0,4,1.0,1,6,0.0,,,,,,,,,,,,,,,,
Bremer,710,282,1,-0.1,Gleison Bremer Silva Nascimento,-0.1,3,2.69,1,7,-1.31,,1.0,,,2.0,,,1.0,,,,,,2.0,2.0,
Lucas Silva,711,283,0,0.0,Lucas Silva Borges,0.0,4,5.0,1,6,0.0,,,,,,,,,,,,,,,,
Jonathan,712,293,1,6.2,Jonathan Cícero Moreira,6.2,2,9.78,1,7,1.78,1.0,,,,,,,,,,,,,1.0,1.0,
Robinho,713,283,1,-1.1,Róbson Michael Signorini,-1.1,4,7.51,1,7,-4.49,,,,,1.0,,,,,,,,,2.0,,
Digão,714,283,0,0.0,Rodrigo Júnior Paula Silva,0.0,3,6.0,1,6,0.0,,,,,,,,,,,,,,,,
Judivan ,715,327,0,0.0,Judivan Flor da Silva,0.0,5,3.0,1,6,0.0,,,,,,,,,,,,,,,,
Rafael,716,283,0,0.0,Rafael Pires Monteiro,0.0,1,6.0,1,6,0.0,,,,,,,,,,,,,,,,
Diego Alves,717,262,1,1.1,Diego Alves Carreira,1.1,1,9.71,1,6,-3.29,,,,2.0,,,,,,,,2.0,,3.0,,
Giovanny ,718,293,0,0.0,Giovanny Bariani Marques,0.0,5,4.0,1,6,0.0,,,,,,,,,,,,,,,,
Raniel,719,283,0,0.0,Raniel Santana de Vasconcelos,0.0,5,7.0,1,5,0.0,,,,,,,,,,,,,,,,
Ribamar,720,293,1,2.9,Lucas Ribamar Lopes dos Santos Bibiano,2.9,5,6.13,1,2,0.13,,,,,1.0,,4.0,2.0,,,,,1.0,1.0,,
Arrascaeta,721,283,1,9.9,Giorgian Daniel de Arrascaeta Benedetti,9.9,4,17.15,1,7,2.15,,,,,3.0,3.0,1.0,5.0,,,,,,5.0,4.0,
Everton,722,262,0,0.0,Everton Cardoso da Silva,0.0,4,12.0,1,6,0.0,,,,,,,,,,,,,,,,
Rhodolfo,723,262,0,0.0,Luiz Rhodolfo Dini Gaioto,0.0,3,9.0,1,6,0.0,,,,,,,,,,,,,,,,
Nicolas,724,293,0,0.0,Nicolas Vichiatto da Silva,0.0,2,4.0,1,6,0.0,,,,,,,,,,,,,,,,
Raphael Veiga,725,293,1,5.0,Raphael Cavalcante Veiga,5.0,4,7.58,1,6,1.58,1.0,,,,,,,,,,,,,,,
Yago,726,293,0,0.0,Yago César da Silva,0.0,5,2.0,1,6,0.0,,,,,,,,,,,,,,,,
Éverton Ribeiro,727,262,1,-5.8,Éverton Augusto de Barros Ribeiro,-5.8,4,2.89,1,3,-7.11,,,1.0,,1.0,,,,,,,,,1.0,,
Ederson,728,262,0,0.0,Ederson Honorato Campos,0.0,4,3.0,1,6,0.0,,,,,,,,,,,,,,,,
Réver,729,262,1,10.1,Réver Humberto Alves Araújo,10.1,3,16.6,1,7,2.6,,,,,,1.0,,3.0,,1.0,,,,2.0,,
Pará,730,262,1,0.0,Marcos Rogério Ricci Lopes,0.0,2,3.44,1,6,-1.56,,,,,,,,,,,,,,,,
Romulo,731,262,0,0.0,Romulo Borges Monteiro,0.0,4,4.0,1,6,0.0,,,,,,,,,,,,,,,,
Cuéllar,732,262,1,5.2,Gustavo Leonardo Cuellar Gallego,5.2,4,9.09,1,7,1.09,,,,,1.0,,,,,,,,,1.0,4.0,
César,733,262,0,0.0,César Bernardo Dutra,0.0,1,7.0,1,6,0.0,,,,,,,,,,,,,,,,
Geuvânio,734,262,1,5.5,Geuvânio Santos Silva,5.5,5,6.54,1,7,2.54,1.0,,,,1.0,,,,,,,,1.0,,1.0,
Willian Arão,735,262,1,-0.1,Willian Souza Arão da Silva,-0.1,4,4.75,1,6,-2.25,,1.0,,,1.0,,,,,,,,,2.0,2.0,
Paolo Guerrero,736,262,0,0.0,José Paolo Guerrero Gonzales,0.0,5,15.0,1,3,0.0,,,,,,,,,,,,,,,,
Renê,737,262,1,2.3,Renê Rodrigues Martins,2.3,2,5.03,1,7,0.03,,,,,,,,1.0,,,,,,4.0,2.0,
Manoel,738,283,0,0.0,Manoel Messias Silva Carvalho,0.0,3,6.0,1,6,0.0,,,,,,,,,,,,,,,,
Rodinei,739,262,1,3.1,Rodinei Marcelo de Almeida,3.1,2,6.96,1,7,-0.04,,,,,,,,2.0,,,,,,3.0,2.0,
Lucho González,740,293,0,0.0,Luis Oscar González,0.0,4,8.0,1,2,0.0,,,,,,,,,,,,,,,,
Guilherme,741,293,0,0.0,Guilherme Milhomem Gusmão,0.0,4,10.0,1,7,0.0,,,,,,,,,,,,,,,,
Mancuello,742,283,1,2.2,Federico Mancuello,2.2,4,4.96,1,6,-0.04,,,,,1.0,1.0,,,,,,,,,1.0,
Felipe Alves,743,293,0,0.0,Felipe Alves Raymundo,0.0,1,2.0,1,6,0.0,,,,,,,,,,,,,,,,
Lucas França,744,283,0,0.0,Lucas Oliveira de França,0.0,1,3.0,1,6,0.0,,,,,,,,,,,,,,,,
Thiago Carleto,745,293,1,13.2,Thiago Carleto Alves,13.2,2,12.54,1,7,7.54,1.0,,,,1.0,1.0,1.0,1.0,,1.0,,,,6.0,,
David,746,283,0,0.0,David Correa da Fonseca,0.0,5,7.0,1,6,0.0,,,,,,,,,,,,,,,,
Wanderson,747,293,0,0.0,Wanderson Santos Pereira,0.0,3,5.0,1,6,0.0,,,,,,,,,,,,,,,,
Victor Luiz,748,283,0,0.0,Victor Luiz Prestes Filho,0.0,2,1.0,1,6,0.0,,,,,,,,,,,,,,,,
Sassá,749,283,1,-2.0,Luiz Ricardo Alves,-2.0,5,4.13,1,6,-3.87,,1.0,,,4.0,,,1.0,,,,,,,1.0,
Fernando Diniz,750,293,1,6.77,Fernando Diniz Silva,6.77,6,8.8,1,7,2.8,,,,,,,,,,,,,,,,
Bergson,751,293,0,0.0,Bergson Gustavo Silveira da Silva,0.0,5,6.0,1,6,0.0,,,,,,,,,,,,,,,,
Éderson,752,293,1,9.4,Éderson Alves Ribeiro Silva,9.4,5,9.92,1,2,4.92,,,,,1.0,,,,,1.0,,,1.0,2.0,2.0,
Matheus Rossetto,753,293,1,12.7,Matheus Rossetto,12.7,4,12.88,1,2,6.88,,,,,,,,1.0,,1.0,,,,1.0,3.0,
Nonoca,754,292,0,0.0,Lucas de Souza Ventura,0.0,4,3.0,1,6,0.0,,,,,,,,,,,,,,,,
Lucas Soares,755,283,0,0.0,Lucas Soares de Almeida,0.0,2,1.0,1,6,0.0,,,,,,,,,,,,,,,,
Felipe Gedoz ,756,293,0,0.0,Felipe Gedoz da Conceição,0.0,4,5.0,1,6,0.0,,,,,,,,,,,,,,,,
Alex,757,293,0,0.0,Alex Sandro dos Santos Apolinario,0.0,4,1.0,1,6,0.0,,,,,,,,,,,,,,,,
Léo Pereira,758,293,0,0.0,Leonardo Pereira,0.0,3,3.0,1,6,0.0,,,,,,,,,,,,,,,,
Arthur,759,283,0,0.0,Arthur Henrique Vieira Araujo,0.0,3,3.0,1,6,0.0,,,,,,,,,,,,,,,,
Vander,760,283,0,0.0,Vander Tavares Silva,0.0,4,1.0,1,6,0.0,,,,,,,,,,,,,,,,
Ezequiel ,761,283,0,0.0,Ezequiel Jacinto de Biasi,0.0,2,4.0,1,6,0.0,,,,,,,,,,,,,,,,
Cascardo,762,293,0,0.0,Gustavo Cascardo de Assis,0.0,2,4.0,1,6,0.0,,,,,,,,,,,,,,,,
Camacho,763,293,1,4.7,Guilherme de Aguiar Camacho,4.7,4,7.37,1,6,1.37,,,,,,,,1.0,,,,,,1.0,3.0,
Murilo,764,283,0,0.0,Murilo Cerqueira Paim,0.0,3,9.0,1,5,0.0,,,,,,,,,,,,,,,,
Marcelo,765,283,0,0.0,Marcelo de Souza dos Santos Júnior,0.0,5,1.0,1,6,0.0,,,,,,,,,,,,,,,,
Vitor Eudes,766,283,0,0.0,Vitor Eudes de Souza Costa,0.0,1,1.0,1,6,0.0,,,,,,,,,,,,,,,,
Cacá,767,283,0,0.0,Carlos de Menezes Júnior,0.0,3,1.0,1,6,0.0,,,,,,,,,,,,,,,,
Pavez,768,293,1,1.9,Esteban Andrés Pavez Suazo,1.9,4,6.13,1,7,-0.87,,,,,,,,2.0,,,,,,2.0,1.0,
Juan,769,262,1,0.5,Juan Silveira dos Santos,0.5,3,8.61,1,7,-3.39,,,,,,,,1.0,,,,,,5.0,1.0,
João Pedro,770,293,0,0.0, João Pedro Heinen Silva,0.0,4,3.0,1,6,0.0,,,,,,,,,,,,,,,,
Diego,771,293,0,0.0,Diego Ferreira Matheus,0.0,2,3.0,1,6,0.0,,,,,,,,,,,,,,,,
Deivid,772,293,1,0.0,Deivid Willian da Silva,0.0,4,2.76,1,6,-1.24,,,,,,,,,,,,,,,,
Ariel Cabral,773,283,1,1.9,Alejandro Ariel Cabral,1.9,4,6.13,1,7,-0.87,,1.0,,,2.0,,,2.0,,,,,,2.0,3.0,
Júlio César,774,262,0,0.0,Júlio César Soares de Espíndola,0.0,1,7.0,1,7,0.0,,,,,,,,,,,,,,,,
Alerrandro,775,282,0,0.0,Alerrandro Barra Mansa Realino de Souza,0.0,5,1.0,1,6,0.0,,,,,,,,,,,,,,,,
Thiago Heleno,776,293,0,0.0,Thiago Heleno Henrique Ferreira,0.0,3,11.0,1,7,0.0,,,,,,,,,,,,,,,,
Marcelo Hermes,777,283,0,0.0,Marcelo Hermes,0.0,2,5.0,1,6,0.0,,,,,,,,,,,,,,,,
Santos,778,293,1,-2.3,Aderbar Melo dos Santos Neto,-2.3,1,3.24,1,7,-3.76,,,,,,,,,,,,1.0,,1.0,,
Zé Ivaldo,779,293,1,-3.6,José Ivaldo Almeida Silva,-3.6,3,0.69,1,7,-2.31,,1.0,,,3.0,,,1.0,,,,,,2.0,,
Bruno Roberto,780,282,0,0.0,Bruno Roberto Pereira da Silva,0.0,4,1.0,1,6,0.0,,,,,,,,,,,,,,,,
Thiago Larghi,781,282,1,4.15,Thiago Larghi,4.15,6,6.3,1,7,1.3,,,,,,,,,,,,,,,,
Nikão,782,293,1,10.5,Maycon Vinícius Ferreira da Cruz,10.5,4,13.43,1,7,4.43,,,,,,2.0,,3.0,,1.0,,,1.0,3.0,,
Bruno Silva,783,283,0,0.0,Bruno César Pereira da Silva,0.0,4,8.0,1,6,0.0,,,,,,,,,,,,,,,,
Lucas Romero,784,283,0,0.0,Lucas Daniel Romero,0.0,4,7.0,1,6,0.0,,,,,,,,,,,,,,,,
Paulo André,785,293,0,0.0,Paulo André Cren Benini,0.0,3,7.0,1,6,0.0,,,,,,,,,,,,,,,,
Pablo,786,293,1,8.7,Pablo Felipe Teixeira,8.7,5,8.75,1,7,4.75,,,,,2.0,,1.0,,,1.0,,,,2.0,1.0,
Leo,787,293,0,0.0,Leonardo da Silva Vieira,0.0,1,2.0,1,6,0.0,,,,,,,,,,,,,,,,
